user,item,rating
105,164,4
142,619,3
119,378,5
94,204,5
305,283,3
40,197,1
532,731,5
498,423,4
22,721,5
422,474,2
247,780,3
221,142,4
146,489,3
371,600,5
259,240,4
484,970,3
445,191,5
591,220,5
121,723,5
63,537,5
572,467,5
298,974,5
250,148,4
466,970,3
299,841,4
731,407,4
915,647,1
755,16,3
705,951,5
691,186,3
150,489,2
626,719,5
493,198,5
244,963,4
26,277,3
89,704,3
522,663,3
317,614,3
145,713,1
969,999,5
212,351,4
498,294,3
524,677,3
21,194,5
368,499,3
443,291,5
795,184,4
533,668,4
958,5,5
770,524,5
939,423,4
131,733,5
502,756,5
496,555,5
744,79,4
717,968,4
154,576,2
957,917,4
933,795,5
901,159,4
575,883,3
646,67,3
962,107,5
564,438,5
802,139,4
541,532,3
687,107,5
75,103,3
399,835,3
716,317,5
719,774,3
110,232,5
837,479,3
337,768,1
268,728,5
491,988,4
889,641,2
907,725,1
408,838,3
167,435,5
811,348,2
852,569,4
726,3,4
775,423,4
99,878,4
97,872,5
336,305,5
250,0,4
911,542,1
785,494,4
717,748,4
965,761,5
247,84,5
639,132,4
872,345,5
728,579,5
303,687,5
96,184,4
299,291,4
357,433,4
146,450,3
154,150,3
120,857,3
184,545,1
586,426,5
431,275,1
150,251,4
511,29,4
509,992,5
336,459,1
637,977,3
262,43,5
856,749,4
608,9,3
285,348,4
350,745,5
1,554,5
809,67,3
350,588,3
760,437,5
126,632,5
743,263,1
88,713,5
392,853,3
789,558,4
931,965,4
980,560,4
929,505,4
493,260,5
820,638,1
80,232,4
570,554,5
283,28,3
911,207,3
186,309,3
129,197,3
38,19,5
526,498,5
121,619,5
687,378,5
457,188,5
735,103,3
813,319,4
834,252,2
458,956,4
495,708,4
186,363,4
357,804,5
824,146,5
937,524,4
776,288,5
615,701,5
874,623,5
579,16,2
717,961,4
196,880,5
96,777,4
879,878,3
684,479,4
455,910,4
939,281,5
425,676,5
231,117,3
681,112,5
63,587,5
456,616,5
660,395,4
35,658,4
210,684,4
12,214,5
18,821,1
986,478,5
236,265,2
266,221,5
818,83,4
290,160,2
380,899,4
939,919,4
225,767,1
180,606,4
201,658,4
435,390,5
26,413,3
21,579,5
726,139,5
38,155,5
601,864,4
116,169,5
983,148,4
985,181,5
988,548,5
100,864,1
185,27,1
991,885,5
456,451,1
402,958,5
497,616,5
271,313,1
737,474,3
614,374,5
853,820,5
405,814,4
273,959,4
384,976,4
143,195,4
88,952,5
41,483,5
484,518,5
767,429,4
65,992,4
117,806,5
772,542,3
475,303,5
323,990,5
906,287,5
834,165,1
913,548,4
311,832,5
182,803,5
361,946,5
81,525,1
542,259,5
456,791,5
517,218,5
842,621,2
837,797,5
735,773,3
10,266,3
980,969,5
87,16,4
997,727,5
726,347,5
29,614,4
300,614,4
151,313,3
273,436,3
814,878,3
440,637,3
213,883,4
613,271,1
85,231,3
920,142,3
189,425,3
361,5,5
568,249,5
341,418,5
312,728,5
116,948,4
507,556,2
113,55,4
357,294,3
226,28,5
76,142,4
676,100,5
426,155,5
845,11,5
193,775,5
480,494,3
656,476,3
76,168,5
958,582,5
831,519,2
648,42,4
431,359,1
886,320,5
676,287,5
234,232,5
885,232,3
556,354,4
102,375,1
929,789,3
419,207,5
152,693,3
566,589,5
616,714,5
597,200,4
6,377,3
837,799,5
408,533,3
549,123,5
577,501,3
628,664,5
699,67,3
891,216,3
952,557,5
494,913,4
329,148,1
128,669,3
903,957,5
113,348,4
42,221,4
338,270,5
566,373,5
391,206,4
68,819,5
248,869,3
116,896,5
74,993,3
171,594,4
670,494,4
631,276,5
843,728,5
830,745,5
360,910,3
976,3,3
912,885,5
874,18,5
522,405,3
383,880,5
255,532,3
509,125,3
16,332,5
286,296,3
699,712,5
926,478,5
843,621,5
643,228,5
398,104,5
340,844,3
527,793,4
974,700,2
923,411,5
139,853,4
898,510,1
574,352,5
901,293,4
629,897,4
687,71,5
885,179,2
382,333,5
182,822,5
545,671,5
862,757,5
273,794,4
668,566,5
448,75,5
355,367,5
69,895,5
161,963,5
134,419,3
817,97,5
71,806,5
254,485,5
904,773,4
554,621,4
333,100,4
20,748,3
53,862,5
28,195,4
928,267,5
172,252,5
158,355,3
443,397,3
250,469,3
301,35,5
732,890,5
727,480,4
180,366,5
722,330,5
69,905,5
100,971,1
7,901,5
277,121,4
131,202,5
253,707,5
655,584,5
388,109,5
636,378,1
231,956,5
992,326,1
972,211,4
872,492,3
100,263,1
530,997,4
323,571,5
393,560,5
518,275,3
923,159,5
285,310,4
98,747,3
997,655,5
151,29,1
650,950,5
571,336,5
722,95,5
666,540,4
12,619,3
254,288,5
356,356,4
578,472,2
353,537,5
883,803,5
395,300,4
191,669,2
783,165,1
463,904,5
816,222,5
990,126,4
233,601,5
834,236,3
786,467,5
566,825,4
685,201,3
642,591,5
261,911,4
419,167,4
633,393,4
740,70,5
248,618,5
670,473,5
780,651,5
135,91,5
110,439,3
770,979,4
898,711,2
96,285,4
841,899,1
532,551,5
487,433,4
299,128,5
76,270,5
798,26,5
926,19,5
702,565,5
27,502,3
782,428,2
758,812,1
968,201,4
220,246,5
622,574,5
392,501,4
525,835,4
857,934,4
580,855,3
809,676,5
25,255,3
870,702,5
213,657,4
892,885,5
468,260,5
900,739,5
812,608,5
847,242,3
659,677,5
646,942,5
148,479,5
26,0,4
514,107,5
882,383,3
873,736,5
558,515,4
3,704,2
734,752,5
674,897,3
505,986,5
871,897,3
143,719,4
224,115,5
13,641,3
1,723,1
541,724,3
422,302,3
686,794,3
889,783,2
338,303,5
230,856,3
548,806,5
139,688,4
964,566,5
544,359,2
640,413,4
741,917,2
115,190,5
81,660,1
34,220,5
810,499,3
118,609,5
325,162,5
2,856,3
870,400,5
349,29,3
722,693,5
567,587,5
917,534,5
991,990,3
786,231,4
746,804,5
379,522,5
205,607,1
356,856,2
229,254,5
847,719,4
665,188,3
94,776,5
378,187,3
198,47,3
60,741,4
936,773,4
932,150,4
432,619,2
285,154,4
346,317,3
113,116,3
96,881,5
196,54,4
328,750,5
935,76,5
62,632,5
692,6,5
936,487,5
655,683,1
347,63,3
89,835,3
594,69,5
896,891,5
235,513,5
168,269,2
165,855,5
267,792,1
422,458,1
251,694,3
567,641,5
302,750,1
646,853,3
442,12,5
710,474,5
548,952,5
298,154,4
641,374,5
269,450,2
38,587,5
704,386,4
527,77,3
51,400,5
287,525,5
357,154,4
393,383,3
525,511,4
717,117,5
149,215,4
347,930,5
689,774,4
525,503,5
48,684,3
424,899,3
590,531,5
466,906,5
532,487,5
894,798,5
384,11,5
217,20,4
808,782,5
305,684,3
929,129,5
966,615,5
53,503,4
861,416,2
898,54,2
237,479,4
969,307,5
165,755,5
94,962,4
875,904,4
177,696,5
745,327,3
715,487,4
167,889,5
407,665,4
7,973,4
312,298,3
990,867,5
238,535,4
140,246,4
653,872,5
423,94,3
287,411,5
44,125,3
196,928,5
564,354,4
604,960,4
386,975,5
328,571,5
754,610,5
447,32,5
119,467,5
141,501,3
390,403,5
982,32,3
785,838,3
700,530,5
346,188,3
153,874,4
60,102,2
926,374,4
514,400,5
71,782,5
434,751,5
55,367,3
499,807,2
637,532,3
868,54,5
266,637,4
266,544,4
726,330,5
71,345,5
324,601,5
433,834,2
341,294,3
516,104,5
180,391,4
505,957,5
498,909,4
585,374,4
624,525,1
589,100,4
983,116,4
642,440,5
194,367,5
236,965,4
333,811,4
537,329,5
936,829,4
832,179,4
126,432,5
543,720,1
244,89,5
162,684,5
381,988,5
588,587,3
582,454,5
146,789,3
584,511,5
860,232,5
287,83,4
196,990,4
760,949,5
150,461,4
614,450,4
16,262,5
97,706,5
254,551,3
615,181,5
986,919,5
939,438,5
445,390,5
972,154,4
887,746,2
974,396,5
862,650,5
232,979,4
182,825,4
805,803,4
450,492,5
186,794,4
247,29,3
972,753,4
890,959,4
986,796,4
147,532,5
151,479,2
166,91,5
610,365,5
448,154,4
900,488,5
323,757,5
423,812,4
580,369,5
865,168,1
260,954,5
51,250,5
357,716,5
87,737,3
687,599,5
850,96,1
911,556,5
29,697,3
507,560,2
757,334,3
855,549,5
493,996,5
37,844,4
390,583,5
748,894,5
576,489,3
200,522,4
320,499,4
910,346,5
232,511,4
171,455,5
266,541,4
20,104,5
89,766,3
565,185,2
196,256,5
169,400,5
24,760,5
766,550,5
94,66,5
218,893,5
967,607,4
10,385,5
302,713,1
952,958,5
946,943,2
96,508,4
300,757,5
4,842,3
67,337,5
692,163,5
727,863,4
817,467,5
916,892,5
44,698,5
83,498,4
263,19,5
390,536,5
402,5,5
437,636,5
847,261,4
886,712,5
561,720,4
532,889,5
38,428,5
502,469,2
621,538,4
714,935,5
626,81,5
205,388,1
60,356,4
38,747,4
840,819,4
370,703,5
154,336,4
290,451,1
312,173,3
632,911,3
343,266,3
183,963,4
384,425,5
387,237,3
498,141,4
929,489,3
696,188,3
454,994,5
737,551,3
489,251,4
692,229,5
959,68,5
507,369,2
855,490,5
405,353,5
172,386,5
59,478,5
423,47,3
549,730,5
498,281,4
633,516,5
978,505,5
12,229,5
962,958,5
491,773,3
614,12,5
355,278,5
190,154,3
823,370,3
933,312,5
873,440,5
341,402,4
192,505,4
69,44,5
837,852,4
986,397,3
50,910,5
464,117,4
412,266,4
249,426,4
471,380,5
795,886,1
777,110,5
610,266,3
68,996,5
894,502,4
846,200,5
962,347,5
311,246,2
630,451,2
765,694,3
163,268,5
583,602,5
784,77,3
178,498,3
505,177,4
313,139,4
626,189,3
323,312,5
784,766,4
647,849,4
807,942,5
410,84,2
449,272,5
93,375,3
829,824,2
384,744,5
537,228,5
968,149,4
333,445,4
896,729,5
5,534,5
499,63,3
716,494,3
211,550,1
82,183,1
946,799,5
65,732,5
170,787,5
890,492,5
380,28,4
153,782,5
330,162,4
123,444,1
447,401,4
233,954,5
702,883,3
537,594,4
167,858,5
799,36,2
229,190,5
207,824,4
196,250,5
352,676,5
21,853,2
341,189,3
300,329,5
52,31,4
886,567,5
201,528,5
576,397,3
36,229,5
695,249,3
149,536,5
819,793,3
696,70,4
780,817,5
390,729,5
801,425,4
197,226,5
22,68,5
919,272,3
577,856,3
576,550,5
276,696,2
361,123,5
19,617,4
830,505,4
969,569,4
290,665,4
78,115,4
351,663,3
50,976,4
54,459,4
373,687,5
649,992,4
42,823,4
592,515,5
357,160,3
726,216,3
817,768,3
349,124,5
525,469,4
599,403,4
956,878,4
489,76,4
855,88,4
68,177,4
48,331,2
759,834,3
367,921,5
389,227,5
911,196,5
696,211,3
805,932,4
66,342,5
811,46,1
985,200,4
929,827,5
466,309,3
258,204,5
268,486,4
87,79,1
402,107,5
258,772,5
360,710,4
291,134,4
811,197,5
101,537,5
753,706,5
22,892,5
472,431,5
389,945,4
494,178,3
817,718,5
395,911,4
380,805,4
882,438,3
959,663,3
926,204,5
776,664,5
499,136,3
965,803,5
603,173,4
648,474,5
597,804,5
674,66,4
546,31,4
597,19,5
693,607,1
898,28,1
458,79,3
581,928,5
933,48,5
917,561,3
737,236,4
399,480,3
682,13,5
269,43,5
836,510,2
630,435,3
417,602,1
870,75,5
290,551,2
200,371,5
519,300,5
923,662,4
602,732,5
165,884,3
834,989,3
56,349,5
369,331,3
914,936,4
915,185,2
517,370,2
361,549,5
586,208,2
262,13,5
961,205,5
167,343,5
267,127,1
51,58,5
350,341,1
143,775,5
136,659,5
7,993,5
48,694,2
787,234,5
974,298,2
795,779,3
571,479,5
498,789,3
516,734,5
351,211,4
704,697,4
26,290,5
12,757,5
378,532,4
350,164,4
505,72,4
271,693,1
731,617,4
19,119,4
660,377,4
750,729,4
305,938,1
531,290,4
863,952,5
638,887,5
206,59,2
970,323,4
265,395,3
752,170,5
357,332,5
811,454,5
56,111,5
394,913,5
901,492,4
263,166,5
531,383,5
899,153,5
350,602,5
291,540,5
374,387,5
41,219,4
748,116,3
36,174,3
210,580,3
34,55,4
26,970,2
770,66,4
574,412,5
754,56,5
151,442,1
575,900,5
606,785,1
512,830,5
429,154,4
147,365,5
187,598,5
879,544,4
777,948,3
158,299,5
782,106,3
265,124,5
86,541,5
425,833,5
81,426,3
870,975,5
593,751,4
945,577,2
190,143,5
406,20,3
647,888,5
230,754,3
946,236,4
161,75,5
952,438,4
670,603,3
580,161,5
622,15,5
502,13,5
530,186,3
58,745,5
113,913,5
747,502,4
467,92,2
953,550,5
124,983,5
404,95,2
883,481,3
291,964,3
192,789,4
510,719,2
165,294,4
638,834,5
429,694,4
385,885,5
746,695,4
325,972,5
792,340,3
431,74,3
958,81,5
780,486,4
870,954,5
681,504,5
447,220,5
608,611,3
228,819,1
54,402,5
602,130,5
269,125,1
19,670,5
421,215,5
632,309,3
605,335,1
91,82,5
624,419,5
38,76,5
407,80,3
815,795,4
261,794,3
531,254,5
906,323,4
825,133,5
236,361,4
449,920,5
195,621,4
972,854,5
448,970,2
463,506,5
767,381,5
504,348,1
616,459,2
23,563,5
505,46,3
785,611,4
408,494,3
350,542,3
614,101,4
71,768,4
83,683,3
708,236,4
971,57,5
3,380,5
466,47,3
237,195,3
800,92,5
12,520,5
785,141,3
831,168,5
933,11,4
724,440,5
831,371,5
881,741,3
144,964,3
83,733,4
341,853,4
449,567,4
473,77,4
76,302,5
230,385,5
74,788,5
293,193,5
469,140,5
860,711,4
986,914,4
210,719,5
412,502,3
504,79,3
810,329,5
103,972,5
217,946,5
747,101,5
513,721,5
440,290,3
704,510,5
813,789,4
393,367,1
425,1,5
788,207,5
655,526,2
580,877,5
499,302,3
349,197,4
407,813,5
890,697,5
165,102,4
553,938,3
375,302,2
688,46,2
97,642,5
466,538,4
354,481,3
965,909,4
81,379,5
313,620,4
418,861,5
730,834,2
130,492,4
521,599,5
810,414,3
119,510,5
449,748,4
259,84,5
172,541,3
361,454,5
336,548,5
791,962,5
623,968,4
135,76,4
207,113,5
264,511,5
559,816,4
539,81,5
205,740,5
797,391,4
686,119,4
182,824,4
722,815,5
893,954,5
713,273,3
138,25,5
827,485,3
498,492,5
527,794,3
565,879,1
227,966,5
715,144,5
8,768,5
982,486,3
253,220,5
249,725,3
160,250,5
950,204,5
667,289,5
118,271,5
514,244,5
368,807,4
940,905,5
540,354,5
766,49,3
38,567,5
588,51,1
828,170,2
278,243,5
906,921,5
713,116,3
250,128,4
201,65,5
178,16,4
423,853,3
102,377,1
884,479,5
198,662,4
192,822,5
822,548,5
976,412,5
918,753,2
373,546,5
331,958,5
770,697,5
772,978,3
314,873,3
404,644,1
237,719,4
820,336,2
446,455,4
620,330,5
420,434,5
699,948,4
742,33,1
671,315,3
67,900,5
952,877,5
440,862,5
470,898,4
466,277,4
737,618,5
577,486,3
223,167,4
342,542,4
760,33,5
574,194,5
139,137,4
737,348,1
5,894,3
121,882,4
583,973,1
622,146,5
139,510,5
961,83,4
596,353,2
943,189,3
139,814,5
660,8,4
302,564,3
166,256,5
288,248,3
947,988,2
296,904,5
625,399,5
422,649,1
774,168,3
846,551,5
759,346,5
923,580,3
452,502,4
660,750,5
456,482,5
281,295,5
693,740,5
320,761,4
973,229,2
233,591,5
155,425,3
340,250,4
767,385,5
504,177,2
10,345,5
447,838,4
446,727,4
139,413,4
736,478,5
872,854,5
881,283,5
715,206,3
413,84,4
260,573,5
989,443,5
620,932,5
919,725,3
657,883,2
856,694,3
963,445,4
162,891,5
827,996,3
61,664,5
550,591,5
323,99,5
291,448,4
354,260,5
704,85,5
595,390,5
111,137,4
82,245,2
252,901,3
883,761,4
150,789,2
415,529,5
758,780,1
999,818,1
28,896,5
926,589,5
96,236,2
31,157,5
111,298,4
455,943,4
267,778,1
970,928,5
484,156,4
265,783,5
52,897,3
801,548,5
207,624,4
71,467,5
500,513,5
782,367,3
260,601,5
344,647,4
144,787,5
125,849,4
419,211,4
823,186,4
671,964,3
815,726,5
528,433,5
530,221,4
574,913,5
531,335,3
264,341,4
12,596,5
530,438,5
188,377,4
298,894,4
151,777,2
603,9,4
520,597,5
447,0,4
335,599,5
739,239,5
840,778,4
336,860,2
556,812,4
521,250,5
192,389,4
779,990,2
116,748,5
319,135,5
983,13,5
852,226,2
537,14,3
619,384,3
587,914,3
921,336,3
553,303,5
345,65,5
68,766,5
299,919,3
577,252,4
123,879,2
621,595,5
611,85,5
191,416,3
403,157,5
94,919,5
735,178,3
2,201,3
855,378,5
955,869,3
380,206,3
786,166,5
106,382,1
259,784,5
406,640,2
440,669,3
510,112,3
735,990,3
293,285,5
642,710,5
478,68,5
448,733,5
863,440,5
537,856,3
765,233,2
207,973,4
197,183,5
942,335,4
390,591,5
767,601,5
958,254,5
148,580,4
945,336,3
207,479,4
172,201,4
633,904,5
901,594,4
803,353,3
963,922,5
16,380,5
755,996,3
514,872,5
111,979,5
493,782,5
704,143,5
790,859,4
960,359,5
298,40,4
370,679,5
764,961,3
972,66,5
249,695,1
342,95,4
988,599,5
455,473,4
642,910,5
293,671,5
262,706,5
649,95,5
832,924,4
333,334,3
287,8,5
502,285,5
736,56,5
496,650,5
746,413,3
470,319,4
552,278,5
143,498,5
955,282,3
584,363,4
834,429,2
172,159,5
910,376,5
772,313,4
466,208,3
514,57,5
357,32,4
501,954,4
576,478,5
180,577,5
537,37,5
127,790,3
736,789,4
108,96,3
968,413,4
647,250,5
623,845,4
485,42,3
323,149,4
422,617,3
666,861,5
604,692,4
8,21,5
52,481,4
187,410,5
976,98,5
983,914,3
978,125,3
102,458,3
234,207,4
882,16,3
746,913,5
414,104,5
869,483,2
883,141,4
514,619,3
183,717,5
189,932,3
381,785,5
990,811,5
177,788,5
666,19,4
310,47,3
597,509,5
279,843,5
438,455,5
54,589,5
350,913,5
788,846,4
458,683,3
77,172,5
654,195,4
823,878,3
371,917,5
898,766,1
314,226,4
659,87,5
625,395,4
564,43,5
594,547,5
609,143,5
101,675,5
28,494,4
698,324,5
700,61,5
842,176,5
84,270,1
907,518,1
620,686,5
318,966,4
374,254,5
567,540,5
614,882,4
376,684,5
844,352,5
161,167,4
606,730,1
745,433,1
775,148,4
888,17,5
767,768,5
897,605,5
93,273,3
354,831,5
619,250,5
970,769,5
91,294,2
146,397,4
150,897,2
43,725,4
502,102,3
401,595,3
450,320,5
572,581,5
550,123,5
884,960,2
758,426,1
382,91,5
216,108,5
607,500,4
569,996,5
407,950,3
843,968,4
773,295,5
0,134,4
288,869,1
689,903,5
299,217,5
618,836,5
334,54,1
206,31,1
520,580,4
250,436,4
865,752,1
917,34,2
341,469,4
34,169,5
129,679,3
932,780,4
455,413,4
533,417,4
392,686,5
636,89,1
644,94,4
563,478,5
748,855,5
51,658,5
229,770,5
498,533,4
554,373,4
67,390,4
662,117,4
457,996,5
162,418,5
713,509,5
804,772,5
346,178,5
669,240,5
356,852,5
560,639,1
180,724,5
542,56,5
552,587,5
518,660,4
679,818,2
615,31,1
553,13,5
530,373,5
388,260,5
794,538,2
836,862,4
986,217,5
557,941,4
632,233,4
440,63,2
612,969,5
846,824,3
582,431,5
619,364,5
198,401,3
855,5,5
150,663,3
652,10,5
97,437,5
282,381,5
856,765,3
877,224,5
754,405,5
633,957,5
269,584,5
546,891,5
807,54,5
753,958,5
883,822,5
354,914,3
939,34,4
383,122,5
448,834,3
404,142,1
91,428,4
212,370,4
660,766,4
891,370,5
89,695,3
90,307,4
621,60,5
152,353,2
915,752,1
700,873,5
638,50,4
953,731,5
722,594,4
487,150,3
510,484,5
795,119,1
513,776,4
926,451,3
175,895,5
399,695,3
441,247,5
678,78,5
717,794,4
150,549,5
38,876,5
990,833,5
353,792,5
409,309,4
670,396,5
293,245,4
120,42,3
974,305,5
86,423,4
590,649,5
167,597,5
534,664,3
146,478,5
602,241,5
285,266,4
473,253,5
625,487,5
128,551,3
273,218,5
426,7,4
21,88,4
367,318,5
324,53,5
907,136,2
492,632,4
303,542,4
537,169,4
788,795,5
37,36,4
508,339,2
605,595,4
299,951,5
582,130,5
383,536,5
814,83,5
625,47,3
305,551,2
904,978,3
522,171,5
498,803,5
122,96,1
273,749,4
449,961,4
835,829,4
139,351,3
500,586,5
177,895,5
328,323,4
885,969,3
609,766,5
723,170,3
264,141,4
900,922,3
531,642,5
710,273,3
969,563,5
43,117,4
986,374,5
426,204,5
252,438,5
384,753,3
943,113,5
95,3,3
139,469,4
830,255,3
772,666,4
223,855,3
457,589,5
119,79,5
113,935,5
801,381,4
233,772,5
54,993,5
828,493,2
904,106,2
353,68,5
857,397,3
896,190,5
961,174,5
833,313,3
321,344,5
495,953,2
77,311,5
424,793,4
764,298,2
213,472,5
408,149,4
654,389,4
805,59,4
768,235,5
297,219,2
305,331,1
943,469,3
507,883,1
418,453,3
759,53,5
711,148,3
566,475,4
198,526,4
767,823,3
643,90,3
55,846,5
710,272,5
262,575,5
391,677,4
903,145,5
204,203,5
165,160,4
914,650,5
494,239,3
725,941,2
428,389,4
746,637,4
550,706,5
237,538,3
303,431,5
808,56,5
891,298,4
245,636,4
446,196,5
619,191,5
928,185,5
218,501,4
442,766,5
671,450,4
572,847,5
65,234,5
248,437,5
55,187,4
856,979,3
597,428,5
536,986,5
361,169,5
783,932,2
288,918,2
71,531,4
580,974,5
945,879,2
978,650,5
965,59,4
357,845,5
956,340,5
110,26,3
384,70,5
963,93,5
728,72,2
524,657,3
755,707,1
139,807,5
113,148,4
929,12,5
895,669,2
105,205,3
312,90,4
186,544,3
53,785,4
418,185,5
916,847,5
166,291,1
604,636,5
507,439,1
504,43,5
343,289,5
659,391,5
355,30,5
720,677,3
238,806,5
648,544,3
162,667,4
782,978,3
223,719,5
621,569,5
484,661,5
804,516,5
585,158,5
7,55,4
654,624,3
433,277,3
60,737,3
341,0,3
206,683,2
629,934,5
907,9,1
16,729,5
395,805,3
81,711,3
212,475,3
478,706,5
260,993,4
58,542,4
588,514,1
145,750,1
563,450,3
181,863,1
260,723,4
861,156,3
408,729,5
258,34,3
380,674,3
197,606,5
455,425,4
775,32,5
145,430,1
150,946,5
666,505,4
932,326,5
895,517,3
518,47,1
499,637,3
955,774,2
6,375,3
489,109,5
429,42,4
568,844,4
344,253,3
861,119,1
415,453,3
39,111,4
303,588,3
597,425,4
290,59,2
651,959,4
34,642,5
654,371,5
450,260,5
79,385,4
855,75,5
299,389,4
517,594,2
527,144,5
749,675,5
730,380,5
448,884,2
967,477,5
239,126,5
505,834,3
158,720,4
12,516,5
722,831,4
77,514,5
746,473,5
353,470,5
378,721,5
517,877,5
29,302,5
643,658,5
501,746,4
422,793,1
629,12,5
926,40,5
91,858,5
791,164,5
170,904,5
338,536,5
688,187,4
256,952,1
779,455,5
390,772,5
906,608,5
8,212,5
624,881,5
170,859,5
365,928,5
120,205,3
412,195,4
289,512,5
625,911,3
487,716,4
945,793,2
253,428,5
771,767,1
805,385,5
181,869,1
811,812,3
165,141,4
720,22,3
245,664,5
737,832,5
330,303,4
770,90,4
389,292,5
619,130,5
977,784,4
128,274,3
55,31,1
554,889,5
164,49,1
619,390,5
927,389,4
530,189,3
354,217,4
268,970,2
373,457,5
463,2,5
301,288,5
14,458,3
904,863,1
467,269,1
114,467,5
749,957,5
880,776,4
713,113,5
741,282,1
538,759,5
739,203,5
614,798,5
403,954,5
815,41,5
181,428,3
943,0,3
466,737,4
561,977,4
171,719,5
220,738,5
357,149,4
926,747,5
722,239,4
190,377,3
764,309,3
779,615,5
212,173,4
171,714,5
135,58,5
540,48,5
561,408,5
753,212,5
939,183,5
425,264,5
814,436,4
729,205,2
722,833,5
113,438,5
904,942,3
829,597,5
496,497,5
986,758,4
151,863,1
695,664,1
223,24,5
359,632,1
839,872,5
384,103,4
357,834,4
343,962,5
109,943,2
583,124,5
351,70,5
749,123,5
666,971,5
447,968,4
234,498,4
604,930,4
463,151,3
426,935,5
234,367,2
451,738,4
851,717,5
38,746,5
977,27,3
377,987,5
427,243,1
537,755,5
264,389,4
961,165,4
424,83,3
536,498,5
145,894,1
357,822,5
418,975,5
2,252,5
390,901,5
221,682,3
46,555,5
641,735,5
488,769,5
777,39,5
711,69,5
934,435,2
879,961,4
530,404,4
363,567,5
483,502,4
537,292,5
858,847,5
525,72,4
145,28,1
176,64,5
793,240,5
275,281,4
403,814,5
605,472,2
176,132,5
319,709,5
484,749,3
748,266,4
655,32,3
273,979,3
299,505,4
399,525,3
7,573,5
818,932,4
270,169,5
934,550,1
56,490,5
285,919,4
448,356,5
378,793,4
968,329,5
423,617,3
118,870,5
244,738,5
576,755,5
674,494,4
863,444,4
646,737,4
616,396,5
982,67,3
611,52,5
144,417,3
252,431,5
370,779,5
786,549,5
526,705,5
351,242,4
75,383,3
618,546,5
972,425,5
489,520,5
210,690,5
194,601,5
133,494,4
956,309,5
329,435,1
172,860,4
54,423,4
478,446,5
613,127,1
485,143,5
728,236,2
487,503,4
856,362,3
539,618,5
528,943,5
856,855,3
700,279,5
38,389,5
406,31,1
885,296,3
0,386,5
762,643,3
461,274,2
976,871,2
71,323,4
922,978,4
297,587,4
718,941,5
912,944,5
839,476,4
592,953,3
296,685,3
565,766,1
673,398,5
543,272,2
811,338,3
623,418,5
328,335,3
293,784,5
348,315,2
375,690,2
810,754,3
270,798,5
942,843,5
374,921,5
251,906,3
541,545,3
159,917,5
294,58,5
8,304,5
904,945,2
9,346,2
884,413,3
527,458,3
3,728,4
454,868,5
335,410,5
374,228,5
453,159,5
583,832,5
221,119,4
370,711,5
883,884,3
931,539,5
163,984,4
590,165,4
387,706,2
773,991,5
922,429,4
350,368,5
119,286,5
884,310,3
594,516,5
636,185,1
58,116,1
480,550,5
581,393,5
597,32,5
109,31,3
498,914,4
439,158,5
685,517,3
949,883,3
232,611,4
651,459,5
527,662,3
674,393,5
267,839,3
875,132,5
205,644,1
608,942,5
968,570,3
621,715,3
320,141,3
452,993,5
427,422,1
975,505,5
439,68,5
878,575,5
217,860,4
234,551,2
264,857,4
421,293,5
229,958,5
920,288,2
385,572,5
218,421,5
466,3,4
410,693,1
205,135,1
953,428,5
871,575,5
456,594,3
418,30,5
154,549,5
329,442,3
407,178,3
283,951,3
448,160,3
965,217,5
341,356,4
283,545,3
370,613,4
400,100,5
882,283,3
360,301,5
351,800,5
162,498,5
530,938,4
662,273,3
260,772,4
114,583,5
871,82,5
37,987,5
312,414,4
897,275,2
775,499,3
451,419,5
884,480,4
335,925,5
354,211,5
207,550,5
451,996,5
29,667,3
712,518,5
328,254,5
250,475,4
528,525,5
982,494,3
916,99,5
765,156,3
338,135,4
323,656,4
109,177,3
889,650,1
623,404,5
217,431,5
950,976,5
205,869,2
0,397,3
68,752,5
626,103,4
88,115,5
81,124,4
935,194,5
581,155,5
576,993,5
351,49,3
895,252,2
301,188,4
987,991,5
74,209,3
540,188,5
249,136,2
983,386,5
525,425,4
971,573,4
126,577,5
31,773,5
565,95,1
881,754,3
355,640,4
477,185,4
688,143,5
236,783,2
596,917,1
142,753,4
423,460,4
421,30,5
650,661,5
641,934,3
380,510,4
58,3,4
419,560,5
520,236,5
763,863,5
327,933,5
548,354,5
482,956,3
942,235,5
862,561,3
422,106,1
859,783,4
624,797,5
844,49,3
328,457,5
156,291,2
210,32,3
521,364,4
814,373,5
886,874,5
616,128,3
435,364,5
646,824,3
635,670,5
957,257,5
431,230,3
739,737,5
531,735,5
165,803,4
278,101,3
447,962,5
620,116,2
345,380,5
385,26,4
238,286,5
950,451,5
399,310,1
95,272,3
616,181,5
949,676,5
15,440,5
190,29,5
306,572,5
633,629,5
960,605,5
256,168,1
211,301,4
283,445,4
440,938,3
412,128,5
580,225,5
480,603,4
775,0,4
684,700,3
775,141,4
85,841,3
237,423,2
450,317,5
583,626,5
392,510,5
592,708,4
698,62,4
159,270,5
827,274,2
982,251,3
716,570,3
223,817,5
155,162,4
809,189,3
561,143,4
842,308,5
807,266,3
688,987,5
484,720,5
871,223,3
415,293,5
826,406,5
569,589,4
633,849,5
751,303,3
739,946,5
665,924,2
998,197,5
251,128,3
610,7,4
293,431,5
22,954,4
831,336,5
403,40,5
343,341,5
895,667,2
139,749,4
356,169,4
341,935,5
368,214,5
955,327,4
426,758,4
968,741,4
579,737,3
379,984,4
644,956,3
15,355,3
195,109,5
965,827,4
243,133,5
724,880,5
712,617,4
266,7,4
647,171,5
546,707,5
300,356,4
935,846,5
590,657,5
487,923,5
369,388,4
243,787,5
652,568,5
313,501,4
671,319,4
131,511,4
642,707,4
755,777,3
525,60,5
525,910,4
882,727,3
276,693,1
855,121,5
424,156,4
35,723,3
406,251,2
159,657,5
334,684,1
352,526,3
605,451,1
223,171,5
433,369,5
626,614,3
985,121,5
753,53,5
68,425,4
243,225,5
678,763,5
829,90,4
317,719,5
350,614,5
5,673,3
368,838,3
107,319,4
517,815,5
529,773,3
814,298,3
449,340,4
51,227,5
556,660,3
231,942,5
926,874,5
33,923,1
207,3,5
529,345,4
176,223,4
835,917,5
397,966,3
505,128,3
234,236,3
102,501,2
956,63,3
120,29,4
530,479,5
94,187,5
622,38,5
357,935,5
707,505,5
193,890,5
849,283,3
390,26,5
578,773,2
829,486,4
73,822,4
590,823,4
270,884,4
964,821,5
659,765,5
937,857,5
426,533,3
116,494,3
988,50,2
651,294,4
432,161,5
38,12,5
633,505,3
805,14,4
797,321,4
663,149,4
255,243,4
730,368,5
444,72,4
334,290,2
258,753,4
485,458,4
650,267,5
716,845,5
855,902,5
925,667,4
615,78,5
270,459,4
154,575,5
445,269,4
480,884,3
696,323,3
343,376,5
256,336,1
243,360,5
99,794,4
879,968,4
448,298,3
107,417,4
10,421,4
964,304,5
933,56,5
81,798,1
424,327,4
753,986,5
910,188,4
89,229,5
388,292,5
218,979,5
450,356,5
111,541,4
563,343,5
572,846,4
172,594,5
493,523,5
74,773,4
290,603,1
700,170,4
804,746,5
904,508,3
586,16,5
474,174,4
798,919,3
819,703,5
187,420,5
721,35,5
402,566,5
57,793,3
605,832,5
996,334,5
640,716,5
502,298,3
974,737,4
797,606,3
788,238,3
206,496,5
168,92,3
419,227,5
988,451,1
714,815,5
769,408,5
342,624,3
565,797,3
782,862,3
979,208,4
538,991,5
603,363,3
197,502,4
92,922,5
36,786,5
637,688,3
0,533,4
610,569,4
453,959,4
730,308,5
537,123,5
351,134,2
253,570,4
311,696,3
569,854,4
79,396,5
57,430,3
948,526,3
692,909,4
171,775,5
642,937,4
659,354,5
958,73,5
317,200,3
858,372,5
647,929,5
686,117,3
465,772,5
752,801,5
156,745,5
234,683,4
194,974,5
38,550,5
554,891,5
120,474,4
576,209,5
13,369,4
832,138,5
220,617,5
207,614,5
153,619,4
884,710,4
559,544,4
223,247,5
275,370,5
655,705,2
736,397,4
341,891,5
923,362,4
389,304,5
484,154,4
288,135,1
120,503,4
465,122,5
931,270,5
555,446,5
233,731,5
746,704,3
270,32,4
825,802,5
803,572,4
648,622,4
591,910,5
512,939,5
922,865,4
509,604,5
455,459,4
354,704,2
638,920,5
358,755,5
13,869,1
264,704,3
749,551,4
961,638,5
15,327,4
368,189,3
107,698,4
66,81,5
896,376,5
632,363,3
728,551,2
635,339,5
223,211,3
545,616,5
115,686,5
60,472,5
989,568,5
720,793,3
350,342,5
129,835,2
681,21,5
760,628,5
979,814,4
768,921,5
71,723,4
80,379,4
44,261,5
464,375,4
847,946,5
784,275,4
517,207,5
962,618,5
891,855,4
563,555,5
248,696,5
699,600,5
954,158,5
655,968,2
641,251,3
814,363,4
957,923,5
500,788,5
582,795,5
526,875,4
427,53,1
805,37,5
759,521,5
205,426,4
348,859,4
886,376,5
600,258,5
906,647,5
586,538,3
762,463,3
814,421,5
450,201,5
412,508,5
998,835,3
193,335,3
620,570,3
290,834,2
228,952,1
97,712,5
75,70,5
316,295,5
489,242,4
437,206,4
306,48,5
789,648,5
749,865,4
54,475,5
489,614,4
802,961,4
116,37,5
331,872,5
693,338,1
480,909,3
760,655,5
563,155,5
924,61,5
576,824,4
569,788,5
654,51,4
814,63,4
727,403,5
455,55,5
128,236,4
181,750,4
110,778,5
808,825,3
161,378,5
504,695,3
271,883,2
805,113,5
199,607,3
399,684,5
270,960,3
502,0,3
429,413,4
409,418,5
384,612,2
369,156,4
298,386,4
239,403,5
974,725,4
223,58,5
782,683,3
726,748,4
426,511,5
71,420,5
178,978,3
819,886,4
176,374,5
188,117,4
676,608,5
655,442,3
135,616,5
662,436,4
552,957,5
808,954,5
590,804,5
36,569,4
758,302,1
443,550,5
105,300,3
270,402,5
811,879,3
229,675,5
144,586,5
453,116,3
102,857,2
429,569,5
91,782,5
955,814,3
623,438,5
269,841,1
28,816,5
45,562,5
355,919,4
228,253,1
650,580,3
956,414,4
692,824,3
997,152,5
637,377,2
563,140,5
13,607,1
778,798,5
927,827,5
795,786,3
229,51,4
551,243,4
883,34,4
499,3,3
501,921,5
985,14,3
621,396,5
181,951,3
160,757,5
345,167,5
87,727,4
787,947,5
109,236,4
841,857,3
599,202,3
110,196,5
512,347,4
349,460,3
48,208,1
544,419,5
798,76,5
50,957,5
520,950,5
3,737,5
883,789,4
323,529,5
642,480,5
598,371,5
906,99,5
140,636,2
411,662,4
313,511,4
748,7,5
813,540,4
692,294,2
176,992,5
529,799,5
585,140,5
772,917,3
472,221,5
708,720,4
474,334,5
529,157,3
671,18,5
99,63,3
509,17,5
749,433,5
167,959,4
968,920,5
986,281,4
150,960,3
501,986,4
141,383,4
445,924,4
221,793,3
866,512,5
317,431,5
323,795,5
294,288,4
50,508,5
627,767,4
867,406,5
667,450,5
43,682,5
790,427,3
993,864,1
408,116,3
670,614,5
212,499,4
162,59,4
804,40,5
453,942,5
457,242,4
625,418,5
197,266,4
186,67,3
104,510,3
49,363,2
815,738,5
394,292,5
970,312,5
62,752,5
258,639,5
376,614,5
301,238,4
31,541,4
799,829,3
878,852,5
403,974,5
199,444,4
222,82,5
535,956,3
49,63,2
97,376,5
597,72,5
902,883,4
58,301,5
545,924,4
84,476,1
620,139,5
588,664,2
427,55,1
700,966,4
543,197,4
604,110,5
349,77,3
107,30,5
810,815,5
767,686,5
687,383,3
780,333,5
515,643,5
415,371,5
218,805,5
800,732,5
25,457,5
80,353,4
634,249,5
354,729,5
230,896,5
65,971,5
32,278,5
328,629,3
980,926,3
376,948,4
341,113,5
342,504,5
433,910,3
679,339,1
926,860,4
27,926,5
138,673,4
199,535,2
659,411,5
402,467,5
831,177,3
945,503,2
890,386,5
889,126,3
324,376,5
895,486,3
736,481,3
663,614,5
531,332,5
132,402,5
125,227,5
5,562,5
71,757,5
933,654,4
234,229,4
493,529,5
89,503,5
217,624,4
623,930,4
275,377,5
628,873,3
753,957,5
728,548,4
53,956,5
870,504,5
408,141,2
86,164,5
189,362,3
144,328,3
759,334,4
305,355,2
748,221,5
475,512,5
593,703,4
397,628,5
781,633,5
897,617,3
258,897,2
714,291,4
458,498,3
207,188,4
759,254,5
986,34,4
697,358,5
448,637,3
783,429,3
722,998,4
850,445,3
452,752,5
889,869,1
713,934,4
708,977,4
610,165,4
127,497,5
222,752,4
597,294,3
391,855,4
670,214,5
306,337,5
395,458,4
555,361,5
17,98,5
775,217,5
697,880,5
546,251,4
28,31,4
518,29,4
953,66,4
564,523,4
440,700,1
575,26,3
258,134,3
659,29,5
34,897,3
198,938,4
517,925,5
776,571,5
259,777,4
906,516,5
405,240,5
525,728,5
777,697,5
51,91,5
300,76,4
833,345,1
186,637,3
527,783,5
391,835,5
212,402,5
887,730,3
559,855,3
668,800,5
268,855,4
795,395,1
903,440,5
285,910,4
480,387,5
59,761,4
685,683,4
176,497,5
166,907,5
241,328,5
264,979,4
357,960,4
805,90,4
690,615,5
946,871,3
594,716,5
986,427,4
550,858,5
320,884,3
901,273,4
922,479,4
597,948,5
443,341,4
608,277,3
29,723,3
965,884,3
464,7,4
318,108,4
802,667,4
786,289,5
953,945,5
139,154,4
465,986,5
351,130,5
468,265,3
94,533,5
890,993,5
866,256,5
129,943,2
489,586,5
74,11,5
121,492,5
971,939,5
942,122,5
968,526,4
408,402,4
938,546,5
218,202,5
252,972,5
540,589,5
861,377,1
793,795,5
445,928,5
347,853,4
262,627,5
720,649,3
261,816,3
890,824,4
36,236,4
727,551,5
336,58,5
264,160,4
660,473,5
279,324,5
13,842,3
106,956,3
264,294,4
89,243,5
483,510,4
907,184,3
447,160,3
887,27,3
918,317,3
640,47,4
755,379,4
83,486,3
307,51,4
953,960,3
666,393,4
608,526,4
649,957,5
509,971,5
744,910,3
229,212,5
510,556,4
819,119,4
483,327,5
584,794,4
9,327,3
811,750,5
275,997,4
766,755,5
775,838,4
632,9,3
927,692,4
838,630,3
178,777,3
356,741,3
306,760,5
569,51,4
536,974,5
369,454,5
162,637,3
439,645,5
354,332,5
925,5,5
970,571,5
15,607,3
600,796,3
542,25,5
636,842,1
30,364,3
792,855,3
520,94,4
596,142,1
569,660,5
871,957,5
855,731,5
274,253,2
172,289,5
192,919,4
793,476,5
556,522,4
554,329,4
770,856,4
921,445,3
801,835,3
52,986,5
316,488,5
844,319,3
958,806,5
910,712,5
946,150,1
635,378,5
294,939,5
782,368,5
235,324,5
170,364,5
185,515,1
178,784,4
651,893,5
475,895,5
129,236,3
576,402,4
458,580,2
90,440,5
699,343,5
461,252,3
685,970,2
237,63,3
827,396,4
884,695,3
250,105,4
312,845,5
775,761,4
927,223,5
588,696,4
640,478,5
330,368,5
707,898,4
353,38,5
732,560,5
458,856,3
232,700,4
83,860,3
192,217,5
746,807,3
92,441,5
387,867,3
786,504,5
228,740,1
478,958,5
11,535,1
385,795,5
274,48,1
474,42,5
393,426,3
138,279,5
504,413,2
394,182,5
699,757,5
496,2,5
982,161,5
146,402,5
371,321,5
526,121,5
472,520,5
249,700,2
911,978,2
879,748,5
937,252,5
98,470,5
368,200,5
926,278,4
344,972,5
336,846,5
696,325,5
233,26,5
942,975,5
884,177,3
907,272,1
640,827,4
648,165,4
121,291,4
895,9,3
473,243,4
763,650,5
608,816,3
54,824,4
393,777,3
301,867,5
982,294,3
535,480,1
706,462,5
977,236,3
197,492,5
450,959,4
286,48,3
484,694,4
440,722,5
248,738,5
732,88,2
689,936,3
366,609,5
626,597,5
718,243,3
689,158,5
522,49,3
115,107,5
854,487,1
783,274,3
143,178,5
86,294,3
874,125,3
283,311,3
268,252,4
8,81,5
607,654,4
482,16,4
836,503,4
688,774,3
350,31,3
525,710,5
152,777,1
336,825,2
145,243,1
618,133,5
969,503,5
549,222,5
856,273,3
547,120,5
829,919,3
569,972,5
954,966,4
584,501,4
904,834,2
618,269,3
229,468,5
796,44,5
0,758,5
48,518,3
150,593,3
971,655,5
124,967,5
82,207,4
923,765,5
798,276,5
74,523,5
846,537,5
979,862,4
505,525,4
266,165,5
977,883,2
319,664,5
810,423,3
767,386,4
71,235,5
653,537,5
625,638,5
279,247,5
733,236,5
257,797,5
353,288,5
441,246,5
944,977,3
832,572,5
195,287,5
775,160,4
210,469,3
553,200,3
7,686,5
669,927,5
368,469,4
67,314,5
593,33,4
1,963,2
14,425,3
181,20,3
157,740,3
747,757,5
667,896,5
233,95,5
393,142,3
25,873,3
489,735,5
265,29,4
782,697,2
734,391,5
29,611,3
614,132,5
880,747,5
231,690,4
144,827,5
395,117,3
291,481,4
36,579,5
985,216,3
329,945,1
916,372,5
837,164,3
355,533,4
776,464,5
58,351,3
473,327,5
786,550,5
766,827,5
450,733,5
700,34,5
446,813,4
188,363,4
634,38,5
552,861,5
850,682,2
871,261,5
416,890,5
997,193,4
354,902,5
417,248,1
739,902,5
356,495,5
584,856,4
658,112,3
829,600,5
59,402,5
777,287,5
112,394,4
610,502,3
59,481,3
197,101,5
676,212,5
856,612,3
768,347,4
489,182,5
260,26,4
402,420,5
268,216,3
467,500,2
426,330,5
894,435,5
500,589,4
293,849,4
545,849,4
92,497,5
930,829,2
291,758,4
796,295,5
190,272,4
447,499,3
558,579,3
836,724,3
902,256,5
105,50,4
808,291,4
953,716,5
62,243,5
572,802,5
378,798,3
227,441,5
74,262,4
35,308,5
36,331,4
276,587,1
681,800,5
403,202,5
480,101,5
73,960,3
787,457,5
80,550,1
581,904,5
401,439,4
195,161,5
82,249,3
377,5,5
323,21,5
73,758,3
43,156,4
522,109,5
8,342,5
42,90,4
308,386,4
900,982,5
637,334,3
176,664,5
168,464,4
432,575,5
535,814,3
511,607,2
376,603,4
862,776,4
836,553,2
813,34,4
319,158,5
531,686,5
622,490,5
353,107,5
685,754,3
454,769,5
94,640,5
7,667,5
142,798,5
222,577,3
815,616,5
464,336,5
484,425,4
620,356,5
599,253,3
491,829,4
335,958,5
519,785,5
487,185,5
11,184,4
751,939,4
950,904,4
709,609,5
988,207,5
730,149,3
390,639,4
471,227,5
3,620,5
532,503,5
493,683,5
474,377,4
543,725,3
33,918,1
109,294,3
993,420,1
974,85,5
280,847,5
412,514,5
369,479,4
344,566,4
457,19,5
183,572,4
338,703,5
264,66,4
445,30,4
866,787,5
3,228,5
115,185,5
524,988,2
730,413,3
879,370,4
561,119,3
97,163,5
484,458,4
91,96,5
132,351,4
384,520,5
104,53,2
116,845,5
269,651,5
433,878,3
475,859,4
450,755,5
534,971,3
303,562,5
258,110,5
687,744,5
659,752,5
38,593,4
866,443,5
980,562,4
534,400,5
253,855,5
291,789,4
310,793,3
968,189,3
533,276,5
359,647,1
238,260,5
368,351,4
308,7,3
591,479,5
687,224,5
277,891,5
801,430,4
358,145,5
729,545,4
324,835,5
803,560,4
125,364,5
790,49,3
540,195,5
997,982,5
982,570,3
440,695,2
577,356,3
396,257,5
415,188,4
34,891,5
889,89,3
952,343,5
50,961,4
189,612,3
482,3,2
935,624,3
778,673,5
320,423,5
633,790,3
968,580,4
447,637,5
946,777,4
234,705,3
181,774,1
505,710,3
89,943,3
456,890,5
358,195,4
167,940,5
630,196,5
332,206,3
204,520,5
169,122,5
320,959,4
646,60,4
474,205,4
390,435,5
711,183,3
919,340,2
58,167,5
769,867,5
85,706,5
245,206,4
86,141,3
106,741,3
741,106,1
584,14,3
934,533,1
370,577,5
431,766,1
106,754,1
626,332,5
705,162,5
371,809,5
43,961,4
738,657,4
164,841,1
829,845,4
747,132,5
400,69,5
683,283,4
221,460,3
704,516,5
266,728,5
171,41,5
410,286,1
421,992,5
923,3,3
546,909,4
232,669,4
79,998,4
905,644,5
746,154,3
461,705,3
197,608,5
346,461,3
711,461,3
495,918,4
530,694,5
215,713,1
756,379,4
498,448,4
388,876,3
735,317,3
402,360,5
320,481,3
331,62,5
236,135,1
249,749,2
653,470,5
804,75,5
261,569,4
827,157,3
299,762,3
412,282,5
886,686,5
54,149,4
362,307,5
275,32,5
87,813,5
753,632,5
440,373,3
719,151,3
463,170,5
559,794,4
943,580,5
733,201,3
372,694,4
562,253,1
941,460,2
886,200,5
115,288,5
379,536,5
521,70,5
467,905,5
265,886,3
790,709,5
165,148,4
553,621,4
879,90,4
285,675,5
355,707,5
220,103,4
331,360,5
468,918,5
304,357,5
204,238,4
990,695,3
591,165,5
827,978,3
532,697,4
528,521,5
660,177,4
52,341,3
834,302,2
375,472,1
423,309,3
638,794,4
300,919,3
763,835,4
474,165,4
207,201,3
111,707,5
857,134,5
680,117,3
502,875,5
165,619,4
638,331,5
929,540,5
204,658,5
428,877,5
572,571,5
624,720,2
116,0,3
834,765,1
591,216,3
935,59,3
442,798,5
182,570,3
337,409,1
643,152,5
581,882,5
16,755,5
883,402,5
494,854,4
680,479,4
711,293,5
902,410,5
953,804,5
665,890,5
314,502,4
863,240,3
839,967,5
212,298,3
618,199,5
595,739,5
616,807,3
703,395,3
587,211,5
56,470,5
778,573,5
552,453,4
423,142,5
914,130,5
176,279,5
32,319,4
972,188,4
777,329,5
275,423,4
45,615,5
776,583,5
39,487,2
676,597,5
16,223,4
738,693,4
85,917,5
645,396,5
434,999,5
121,805,5
533,125,4
668,122,5
21,958,5
69,653,5
106,856,1
964,432,5
717,979,4
119,429,4
220,952,5
279,583,5
128,197,4
532,683,5
86,570,3
714,245,5
215,711,1
28,948,5
418,121,5
504,871,2
125,151,4
834,911,2
154,286,5
472,368,5
845,976,4
806,903,1
419,745,5
404,941,3
844,125,2
837,79,2
421,155,5
12,254,5
722,386,5
279,21,5
921,713,3
119,913,5
739,909,4
485,715,4
319,821,5
761,713,4
931,832,5
918,194,5
817,599,4
943,370,3
407,431,4
937,612,3
79,109,5
260,293,4
973,353,2
451,846,4
714,782,5
539,420,5
612,566,5
865,521,1
308,893,5
127,986,5
19,396,5
752,585,5
133,389,4
70,672,5
638,137,4
131,710,4
841,688,2
324,657,5
668,820,5
872,421,4
571,511,5
109,863,3
138,529,5
821,259,5
902,808,5
982,356,5
384,516,5
587,289,5
728,106,1
159,606,4
317,854,4
700,555,5
74,91,5
832,308,5
912,439,5
982,701,5
951,730,3
6,53,4
607,513,5
664,513,5
302,917,1
809,225,5
554,228,5
372,233,4
360,474,4
413,613,1
648,649,4
569,588,5
980,296,4
866,99,5
683,239,3
489,594,3
394,356,5
990,819,5
305,856,3
195,317,5
816,858,5
253,606,5
452,749,5
68,910,4
180,307,5
626,267,5
815,718,5
590,697,4
105,569,3
571,961,3
13,54,3
802,968,3
890,356,5
304,552,5
502,804,4
572,61,5
651,694,4
262,831,5
235,615,5
580,750,5
19,208,3
143,333,5
74,485,5
365,512,5
733,551,5
636,246,1
831,720,4
919,662,3
575,972,5
132,838,3
453,124,5
596,157,1
411,911,4
901,686,5
863,666,5
633,873,4
253,149,5
7,317,4
265,607,4
566,962,4
957,947,5
602,315,5
459,311,1
780,352,5
181,882,2
395,988,4
52,69,5
976,690,3
902,288,5
501,947,5
88,468,5
768,536,5
349,740,5
727,106,5
42,815,4
585,629,3
809,714,5
351,471,5
115,166,5
437,525,5
394,627,5
551,126,5
515,146,5
233,693,5
891,997,4
778,278,3
627,265,3
790,909,4
141,773,4
907,139,1
996,445,4
365,898,4
173,847,5
107,481,3
194,185,5
568,35,4
883,914,4
898,345,2
502,705,3
471,885,5
394,103,5
901,204,4
828,546,3
169,176,5
305,741,2
688,243,5
273,684,5
901,542,5
912,856,3
127,34,3
474,749,4
202,314,5
207,494,4
925,974,5
758,547,1
390,986,5
504,310,1
178,727,4
446,285,3
465,954,5
36,468,5
8,48,5
790,934,4
109,942,4
880,141,4
517,188,4
553,681,5
139,189,4
55,706,5
210,181,4
121,66,4
836,951,4
91,166,5
374,986,5
610,589,5
27,990,5
54,753,4
687,68,5
426,561,4
307,654,4
804,115,5
850,563,3
485,331,4
429,480,4
175,104,5
988,978,3
765,377,2
685,538,4
86,733,5
928,660,5
495,303,4
300,735,5
186,14,3
716,31,3
437,957,5
945,951,3
480,198,5
220,972,5
466,345,5
530,937,4
540,26,5
284,631,4
401,404,3
499,79,3
632,694,3
1,196,5
177,566,4
635,500,4
974,67,2
83,737,3
275,619,4
261,710,4
82,723,2
639,996,5
974,754,2
357,469,4
946,283,4
955,223,3
213,829,5
724,126,5
273,422,5
364,751,3
795,916,4
528,42,5
925,677,5
857,489,4
116,499,3
629,125,4
182,478,5
518,783,5
356,831,3
121,774,5
255,96,4
472,913,5
88,809,5
831,584,5
161,323,4
27,954,5
499,754,3
119,945,4
455,433,4
801,331,3
529,950,3
782,834,1
626,537,5
372,460,5
74,883,4
59,747,5
911,717,5
246,24,5
186,541,4
786,576,3
409,139,5
274,84,2
906,757,5
229,157,4
161,369,5
330,371,5
703,941,5
775,102,4
660,637,4
303,301,5
782,784,5
172,894,5
789,248,5
873,307,5
83,88,4
861,720,2
657,969,5
976,160,2
753,952,5
917,26,5
14,857,3
927,959,5
808,40,5
254,103,4
628,215,3
119,600,5
214,661,4
289,12,4
294,571,5
698,836,5
85,514,5
351,858,5
504,579,5
304,744,5
337,875,1
511,602,5
740,447,5
894,19,5
927,789,3
327,237,5
896,608,5
881,486,3
94,882,5
973,379,4
105,137,3
546,657,5
399,143,4
369,3,4
623,102,3
198,637,3
500,11,5
837,697,1
754,876,4
842,614,3
725,359,1
962,569,4
571,27,5
217,19,4
983,64,5
355,861,5
507,472,1
691,14,2
56,982,5
983,959,4
13,126,3
285,413,3
518,695,3
572,249,5
776,734,5
458,588,3
146,217,5
185,750,1
648,277,3
954,530,5
958,918,5
206,619,1
15,126,5
536,714,5
187,299,5
143,317,4
807,463,5
648,331,3
94,19,5
59,959,4
480,402,5
605,901,3
411,77,4
291,578,3
705,1,5
342,921,5
935,218,5
567,220,4
853,400,5
150,389,3
961,77,5
757,77,4
722,221,4
994,177,3
20,864,5
411,340,4
415,664,5
178,813,5
166,500,5
523,861,5
99,544,3
598,584,5
811,29,4
415,934,5
714,262,5
340,657,3
262,160,3
136,828,5
525,665,5
271,381,1
278,206,3
62,510,5
203,324,5
283,736,3
883,758,4
124,10,5
712,539,5
644,16,3
85,591,5
148,503,4
255,879,4
142,684,5
875,798,5
950,874,5
394,621,4
352,302,4
686,233,4
403,386,4
13,270,5
706,271,5
897,444,3
900,64,2
244,21,5
901,601,5
917,451,3
908,912,5
692,262,5
970,20,5
307,312,5
657,65,5
405,705,4
129,313,5
554,728,5
168,170,1
754,771,5
565,22,2
617,44,5
321,971,5
733,270,5
278,894,4
683,396,3
669,113,5
985,109,5
29,773,4
305,541,1
726,373,4
643,655,5
161,599,5
946,4,5
20,963,5
815,562,5
94,646,5
159,213,5
299,31,4
60,473,3
320,934,4
846,103,5
807,501,3
422,422,3
886,542,5
86,469,4
632,273,4
440,570,2
456,242,3
889,644,1
659,675,5
447,469,3
961,674,5
590,221,5
93,391,4
620,214,5
245,289,4
51,795,5
773,718,5
853,574,5
70,464,5
113,943,4
740,849,4
106,777,3
588,282,1
932,583,5
950,516,5
314,215,5
3,294,3
160,246,5
323,516,5
812,510,5
552,604,5
889,842,3
478,770,5
208,129,5
744,35,5
75,455,5
856,156,4
904,871,1
845,431,5
748,601,5
164,500,3
59,884,4
426,755,5
429,341,4
950,909,3
244,482,5
712,538,4
324,121,5
587,448,4
143,619,2
713,948,5
77,536,5
565,514,1
363,159,5
502,853,3
846,174,4
670,116,3
554,961,4
356,50,3
210,216,3
203,664,4
117,522,4
112,52,3
22,45,5
335,71,5
129,310,1
856,137,3
749,503,5
449,376,5
31,940,5
449,707,4
312,404,4
736,204,5
448,998,4
262,618,5
577,563,5
561,535,3
939,459,5
54,281,4
253,603,4
19,677,5
820,445,3
426,451,3
319,75,5
428,964,3
135,562,5
280,244,5
28,149,4
114,659,5
711,100,5
292,969,5
120,532,3
342,245,4
429,510,5
376,854,5
232,517,3
791,3,5
782,285,5
189,106,4
429,807,4
272,334,1
34,755,5
792,611,3
253,959,4
767,712,5
201,114,5
621,480,4
437,606,5
86,803,5
467,249,4
665,211,3
99,105,4
577,50,3
550,957,5
91,591,5
252,35,5
234,910,3
277,542,4
223,431,5
758,54,1
267,89,1
129,715,1
588,747,2
836,346,3
591,189,4
317,562,5
346,719,4
158,119,4
533,685,3
779,883,3
312,169,4
448,838,3
231,277,2
604,854,5
252,383,4
607,91,5
36,715,2
666,17,5
820,69,3
35,323,4
96,164,3
161,383,3
804,874,5
468,444,3
242,344,5
646,414,3
504,970,2
6,835,3
394,946,5
452,541,5
427,327,1
461,794,3
588,556,5
968,475,3
353,51,4
135,451,1
10,19,5
704,910,5
496,390,5
27,723,5
970,21,5
393,750,3
598,575,5
655,382,2
894,66,5
305,105,1
983,753,5
532,245,4
98,693,5
240,174,1
603,277,4
568,369,4
82,95,1
858,552,5
975,34,4
648,136,4
484,777,5
145,862,1
620,575,5
344,687,5
878,228,5
898,899,2
868,300,4
8,583,5
182,59,4
356,683,2
493,217,4
886,974,5
430,905,5
308,221,4
397,939,5
929,125,3
391,695,5
280,48,5
818,724,5
633,128,4
40,978,1
678,451,2
355,894,5
271,950,3
217,584,5
105,375,2
400,185,5
250,979,4
835,996,4
330,99,4
147,863,5
284,411,4
553,201,3
810,948,4
4,869,1
268,469,2
524,327,4
349,395,2
516,562,5
346,179,5
666,530,4
230,186,2
814,216,3
640,776,4
728,626,4
774,162,3
633,278,4
271,768,2
616,60,5
427,253,3
312,594,4
363,63,3
976,722,5
584,298,3
302,403,1
905,522,5
369,145,5
171,167,5
766,389,4
633,782,5
798,624,5
392,816,4
850,957,3
119,264,5
195,891,5
133,19,4
317,621,4
443,761,5
384,735,4
119,292,5
692,551,5
895,856,3
703,916,5
610,612,3
35,193,5
239,765,4
828,415,5
307,288,4
941,648,5
833,253,1
580,414,3
890,6,5
139,524,4
956,998,5
684,786,5
337,113,1
392,588,4
131,637,4
837,910,3
448,156,5
268,298,3
74,534,4
561,811,5
594,238,4
469,145,5
13,950,4
792,362,4
207,753,4
133,854,5
982,5,5
717,300,5
403,601,5
604,761,4
960,613,3
958,51,4
151,684,1
891,878,3
926,776,4
746,189,3
412,753,4
438,699,5
720,899,2
632,662,4
532,998,5
985,681,5
237,667,3
949,818,4
346,194,5
229,543,5
401,43,4
722,438,4
923,421,4
988,852,5
344,874,4
372,814,4
764,208,3
288,903,1
449,14,4
522,876,1
78,394,5
300,100,5
236,299,3
651,116,4
875,425,4
633,874,5
748,72,5
483,53,4
926,596,5
730,396,4
27,772,5
49,436,3
955,811,5
67,171,5
394,385,5
564,865,4
891,920,5
316,615,5
629,663,4
880,798,5
194,693,5
165,636,5
689,709,4
660,710,4
791,815,5
699,533,3
802,117,4
418,590,5
705,468,5
440,277,3
15,535,3
314,293,5
380,569,4
207,195,4
337,339,1
479,134,4
770,262,5
28,919,4
784,899,3
724,925,5
427,881,4
780,317,3
519,429,5
186,83,4
916,810,5
196,734,5
704,865,5
800,18,5
113,945,4
383,268,5
198,63,3
546,459,4
245,409,5
688,953,4
933,723,3
42,896,5
445,241,4
466,549,5
732,383,2
403,680,5
895,382,3
190,684,4
810,216,3
909,418,5
777,855,4
839,467,5
741,798,1
728,229,3
275,7,4
383,947,5
250,459,4
436,85,4
237,714,5
637,899,3
839,145,5
524,676,4
400,380,5
525,551,4
265,535,3
829,141,2
663,32,4
488,280,5
602,673,5
606,202,1
565,842,3
711,849,5
785,0,3
353,574,5
816,949,5
385,171,5
302,647,1
946,765,4
115,647,5
672,955,5
263,427,4
403,731,5
157,267,3
102,725,3
58,238,4
102,932,2
123,797,5
293,548,5
633,882,4
268,83,5
252,683,4
890,404,4
154,355,4
343,523,5
879,173,4
502,553,4
768,954,5
837,373,3
58,551,4
229,693,4
206,594,1
196,500,4
471,863,3
586,737,4
335,900,5
710,137,5
788,542,4
250,857,4
883,692,4
722,896,5
338,651,5
646,88,4
955,150,1
246,114,5
428,368,5
600,100,5
971,73,4
353,446,5
71,212,5
556,301,5
419,76,3
475,18,5
7,906,5
12,551,4
27,523,5
447,930,4
582,217,4
119,705,4
374,209,5
792,32,4
299,790,5
731,444,3
829,287,5
464,857,4
731,409,5
230,63,3
762,751,1
915,55,1
814,160,4
175,464,5
833,381,1
775,294,4
346,877,5
526,603,3
120,835,3
57,899,2
650,81,5
91,56,5
803,295,5
67,449,5
289,610,5
102,899,3
681,5,5
535,71,5
891,479,5
767,723,4
279,297,5
976,136,3
871,644,4
813,134,3
755,617,2
211,220,3
109,459,3
525,80,5
829,681,5
357,105,4
609,8,4
707,441,5
89,226,4
85,150,2
290,978,4
70,830,5
487,46,3
58,435,5
96,106,3
760,607,3
323,76,3
584,370,4
599,487,3
120,798,4
801,236,3
560,1,1
906,246,5
316,232,5
530,459,3
88,346,5
671,934,4
840,708,4
942,921,5
907,690,1
978,151,3
711,12,5
305,277,1
151,422,1
150,13,5
249,208,1
448,277,5
568,647,5
674,221,5
440,436,3
271,84,2
432,745,5
319,610,5
744,3,4
702,851,5
551,96,4
376,901,5
346,167,5
893,543,5
775,807,4
342,772,5
201,795,4
809,719,5
880,450,3
511,713,5
621,622,3
151,835,1
951,98,3
722,690,4
629,448,5
306,689,5
519,569,5
459,647,1
831,503,4
454,726,5
925,712,5
114,874,5
792,72,4
580,201,3
38,603,5
710,524,4
335,244,5
787,68,5
479,428,5
604,909,4
265,720,3
721,267,5
866,781,5
133,459,4
448,189,3
351,500,5
85,804,5
405,978,4
687,490,5
590,601,4
500,471,4
15,150,3
729,445,4
202,623,5
655,173,3
75,913,3
240,359,3
640,782,5
720,365,3
817,994,5
957,33,5
897,797,5
142,218,5
260,639,5
713,148,4
986,692,4
914,389,5
233,200,5
571,748,4
159,844,5
954,659,5
533,732,5
189,705,4
714,841,3
753,729,5
435,44,5
319,947,5
159,440,5
494,197,4
831,100,5
516,296,4
837,705,1
238,311,5
154,3,5
731,426,4
517,88,3
259,542,4
950,753,4
944,465,2
227,483,4
248,536,5
840,951,3
649,776,5
695,353,2
455,189,4
188,273,4
19,236,5
604,822,4
764,700,2
635,354,5
414,91,5
3,775,5
86,524,4
389,947,5
89,177,3
341,524,4
365,255,4
872,220,5
134,881,4
880,132,5
10,553,5
300,396,5
591,459,3
712,472,4
141,418,4
663,188,4
287,174,5
478,940,5
647,513,5
63,542,4
232,794,4
896,225,5
691,517,2
147,425,5
791,511,5
757,359,3
385,495,5
329,50,1
594,854,5
250,341,4
791,423,3
730,78,5
687,21,5
846,485,5
245,99,5
597,3,4
928,198,5
863,812,3
765,277,2
359,957,1
525,320,5
532,887,5
655,9,2
299,897,3
799,27,3
542,672,5
662,340,4
386,734,5
290,777,4
162,544,2
445,364,5
564,187,4
238,866,5
798,332,5
452,639,5
591,351,4
979,233,3
912,71,5
692,735,5
155,626,5
12,195,5
92,828,5
98,770,5
93,105,5
272,881,3
173,625,5
500,924,4
154,834,3
730,871,2
497,572,5
211,957,3
681,183,3
83,128,3
260,768,5
139,422,5
810,816,4
304,324,5
6,425,4
406,333,5
979,715,3
48,313,4
324,600,5
235,689,5
933,425,4
670,251,3
615,651,5
377,35,5
914,897,4
641,64,5
470,596,5
586,233,1
480,542,5
509,23,3
666,624,5
344,734,4
452,962,4
241,130,5
658,91,4
553,149,4
317,485,5
846,853,4
994,713,5
767,901,4
17,61,4
737,412,5
9,113,3
772,240,3
150,934,4
369,290,4
745,812,1
28,636,5
975,291,5
15,29,4
447,459,4
227,17,5
507,773,1
822,813,5
106,538,3
738,883,4
311,556,4
648,208,4
748,619,5
165,459,4
804,166,5
925,683,5
119,591,5
43,375,3
392,320,5
946,825,3
746,355,5
180,28,5
400,536,5
299,755,5
58,217,4
276,353,1
628,659,5
965,281,5
36,272,4
845,533,4
661,522,5
357,704,3
922,723,3
580,681,5
320,281,5
295,656,4
128,106,4
886,601,5
650,442,4
438,527,5
356,88,3
498,19,5
578,283,3
254,276,4
421,450,3
678,629,2
449,300,4
541,951,3
195,360,5
520,202,5
208,151,3
241,685,4
333,411,3
507,353,1
348,505,4
925,95,5
7,159,5
966,759,5
362,399,5
524,865,4
502,526,3
805,375,4
914,441,5
5,656,4
918,71,5
525,348,3
456,323,3
347,526,5
498,159,5
452,289,5
412,217,5
766,70,5
487,387,5
250,959,4
101,447,5
71,549,5
643,877,5
332,345,4
827,295,5
221,778,5
758,454,2
406,619,3
111,216,3
31,37,5
154,525,3
608,961,3
252,735,4
428,701,5
786,69,5
231,665,5
559,961,4
2,32,4
677,36,1
33,182,1
512,372,5
883,448,4
636,666,2
449,72,5
894,841,5
22,347,5
335,852,4
733,603,3
779,449,5
889,556,5
354,291,4
234,684,2
878,539,5
115,923,5
487,752,5
142,76,5
688,348,3
332,339,4
553,339,5
953,231,3
189,50,3
552,134,4
382,364,5
109,150,2
329,705,1
103,97,5
363,221,4
50,697,3
71,320,4
894,425,5
797,674,3
67,249,5
269,291,1
977,773,2
758,684,1
427,711,1
502,517,3
882,697,1
930,687,5
453,262,5
294,256,5
429,662,4
621,938,4
375,239,1
251,310,2
543,106,3
914,928,5
164,170,2
394,655,5
668,45,5
959,31,1
986,116,3
986,533,5
584,700,4
794,88,2
943,105,4
59,962,5
763,749,4
89,231,2
634,470,5
94,747,5
615,114,5
642,612,3
825,394,5
139,47,3
879,816,4
88,661,5
872,901,5
845,745,5
28,524,4
450,891,5
926,758,4
193,147,5
250,425,4
614,129,5
289,241,5
985,823,3
193,471,3
638,165,5
713,733,5
161,572,5
449,683,4
16,218,5
273,690,4
358,188,3
597,835,5
409,667,4
339,122,5
154,569,5
241,23,5
841,617,3
565,641,1
243,171,5
198,459,3
852,281,3
713,80,5
950,191,5
735,962,1
598,942,5
376,561,4
845,914,2
172,200,5
249,302,3
141,920,3
892,659,5
800,17,4
148,700,3
910,636,5
693,243,1
571,252,4
708,613,5
637,474,3
546,934,4
472,147,5
173,10,5
171,603,3
767,113,4
449,245,4
904,882,1
160,571,5
595,104,5
321,360,5
978,19,5
310,662,3
884,422,4
255,793,4
470,934,5
207,376,5
206,791,5
173,324,5
669,893,4
253,748,5
874,358,5
788,431,5
977,381,3
520,320,5
224,981,5
88,691,5
399,503,4
619,734,5
739,557,5
363,875,4
346,213,5
811,150,3
681,566,5
522,898,1
504,479,3
238,536,5
856,857,4
12,614,5
480,264,5
155,433,2
335,504,5
328,849,4
116,329,5
177,562,5
956,102,3
634,848,5
493,189,4
966,764,5
811,720,3
878,290,5
161,877,5
33,740,1
139,494,4
71,958,5
777,404,5
556,74,5
414,324,5
597,865,5
264,646,4
90,661,4
766,64,5
332,165,3
335,72,4
434,334,5
655,156,1
734,674,5
836,805,3
711,238,4
584,526,4
673,767,5
486,851,5
266,277,4
113,914,3
313,373,3
470,151,4
811,355,4
264,749,4
531,757,5
911,103,2
150,575,5
161,446,5
884,348,3
676,907,5
662,961,4
431,886,1
77,880,5
207,567,5
94,716,5
339,947,5
368,997,4
733,735,5
117,392,4
302,230,1
735,396,4
73,959,4
457,520,5
495,644,2
777,356,5
862,167,5
863,727,5
962,472,5
857,789,3
704,183,5
769,613,4
42,855,3
251,715,3
191,309,2
749,19,4
831,348,3
633,656,4
684,569,5
106,67,1
622,175,5
990,338,4
604,550,5
32,952,5
259,617,4
663,373,3
148,438,4
218,688,5
624,127,5
815,312,5
284,264,5
27,642,5
556,738,4
136,443,5
571,458,5
241,497,5
232,526,4
308,163,5
690,939,3
961,391,5
401,181,4
902,48,5
257,607,1
798,593,3
526,157,5
871,771,5
579,9,1
723,493,4
654,825,3
314,30,5
670,692,4
21,597,5
735,431,4
369,669,5
105,937,4
332,765,5
546,692,4
704,594,4
967,886,3
15,879,3
342,183,3
568,409,4
339,642,5
520,157,5
727,523,5
229,69,5
792,94,4
251,236,4
968,937,5
490,703,5
394,557,5
631,130,5
332,833,4
135,256,5
819,906,4
12,286,5
214,403,4
501,543,5
48,710,3
103,566,5
139,480,5
158,29,5
686,377,3
884,835,4
399,177,3
620,102,4
886,731,5
355,374,5
351,583,5
212,894,4
3,37,5
392,518,5
63,561,4
822,942,4
288,813,4
36,807,3
587,473,5
459,168,1
148,480,5
339,921,5
956,475,4
85,573,5
384,256,5
139,532,5
953,413,3
728,710,1
561,942,4
980,496,5
760,811,5
7,220,5
794,486,3
685,67,3
610,281,4
125,269,4
270,31,4
645,833,5
383,744,5
266,748,4
804,567,4
309,239,1
265,327,4
155,835,3
720,205,3
37,730,4
493,320,5
505,111,5
469,30,5
657,284,5
746,356,5
139,544,4
318,17,4
813,397,3
54,67,3
846,932,5
269,368,5
753,703,5
446,323,3
234,3,3
532,40,5
481,525,3
669,163,5
823,638,4
138,586,5
376,141,3
131,541,2
729,521,4
904,367,2
680,748,3
921,736,4
710,8,5
91,355,5
931,953,4
415,76,5
767,600,5
195,665,5
559,979,5
319,25,5
313,473,4
320,511,5
733,549,5
258,320,5
142,383,5
316,985,5
590,920,4
844,924,4
8,597,5
643,913,4
385,843,5
931,866,5
943,80,5
368,436,5
34,187,4
979,679,5
60,414,2
608,340,3
675,104,5
471,161,5
379,876,4
152,950,1
517,777,5
392,117,4
27,367,5
532,159,4
190,538,4
669,42,5
448,600,5
218,96,5
446,245,4
970,367,4
473,8,4
833,797,3
968,486,5
730,618,5
343,397,3
893,555,5
10,919,3
14,345,3
957,447,5
608,878,2
571,612,3
88,87,5
388,782,5
533,673,4
662,421,5
849,779,1
763,522,5
232,661,5
813,448,5
592,303,5
792,377,3
14,272,3
87,741,1
405,666,5
401,285,4
872,925,5
712,515,5
384,451,3
79,667,3
154,704,2
307,784,5
976,189,2
409,580,4
632,807,3
524,354,4
252,913,4
869,709,2
46,318,5
933,471,3
531,773,5
48,285,5
730,160,2
301,588,4
60,272,4
418,858,5
60,856,3
537,815,5
308,935,5
351,315,4
172,501,4
133,624,4
676,80,5
43,273,3
50,200,4
54,979,4
875,19,5
809,681,5
320,533,5
487,536,5
165,838,4
259,996,4
551,638,4
973,90,2
520,588,4
724,380,5
336,753,3
937,979,4
203,947,5
178,669,2
758,428,1
54,201,4
159,73,5
11,156,1
324,686,5
878,509,5
850,168,2
439,304,5
997,623,5
237,683,3
264,72,4
59,914,4
384,808,5
157,687,4
485,871,4
964,867,5
642,188,4
968,214,5
541,28,2
500,255,3
821,644,4
176,659,5
574,333,5
167,603,3
783,345,3
26,363,3
881,329,4
225,709,1
488,337,5
537,102,3
218,932,5
452,612,4
142,735,4
149,781,5
952,228,5
876,775,5
261,362,4
164,629,2
954,384,4
886,636,5
360,814,4
554,754,4
660,345,4
121,841,4
505,704,3
232,363,3
717,321,5
965,758,5
171,824,2
537,479,5
862,735,4
499,413,3
405,842,4
953,722,5
384,846,5
633,821,5
237,733,5
193,171,5
132,110,5
563,529,5
923,816,4
663,165,5
463,685,3
46,820,5
480,747,5
260,986,5
186,277,4
939,707,5
578,274,1
357,55,4
26,310,3
617,615,5
271,482,2
541,793,3
270,425,4
525,684,5
704,503,5
797,487,5
98,443,5
351,964,3
363,765,5
467,255,1
853,744,5
517,287,5
959,924,3
754,732,5
927,897,3
407,472,4
204,745,5
347,173,4
824,933,5
12,808,5
187,303,5
508,99,4
108,736,5
295,258,5
446,548,4
424,365,4
917,537,5
215,916,1
25,755,5
241,483,4
829,940,5
165,0,4
20,238,3
649,590,5
6,365,4
334,53,1
563,610,5
170,279,5
543,84,5
229,891,5
763,433,4
269,924,4
571,105,4
939,731,5
660,154,4
552,505,4
384,238,4
663,637,4
142,716,5
166,616,5
837,252,3
714,894,5
63,800,5
722,891,5
96,458,1
83,468,5
9,679,3
992,965,3
620,531,5
101,482,4
335,146,5
71,949,5
455,525,4
322,178,1
305,382,3
194,588,5
554,948,4
827,236,3
670,60,4
865,953,1
59,803,4
197,550,5
559,189,4
690,232,4
926,386,4
721,547,4
142,164,5
459,359,1
151,945,1
165,741,4
904,542,3
710,943,5
525,807,3
708,547,5
193,308,5
551,327,4
151,150,1
125,49,1
915,957,1
782,310,1
79,831,3
944,336,2
530,47,4
812,664,5
15,953,4
317,211,3
2,208,4
223,722,5
714,575,5
858,344,5
783,421,2
300,586,5
374,190,5
744,705,3
142,520,4
825,21,5
632,137,4
979,952,5
520,162,5
330,187,4
875,431,5
131,252,4
892,68,5
594,723,4
553,907,5
431,879,1
928,209,4
187,488,4
909,321,4
284,661,4
19,275,4
956,9,5
906,974,5
132,998,5
881,50,3
904,442,3
662,391,5
148,793,4
931,410,5
145,403,1
617,969,3
310,382,3
836,403,3
570,466,3
446,200,3
602,129,5
412,871,5
28,294,4
332,375,4
81,55,3
584,932,5
265,814,3
301,48,5
344,443,5
453,979,4
56,654,5
713,910,5
602,873,5
204,859,4
635,406,5
599,661,3
210,422,5
545,132,5
230,340,4
471,225,5
71,40,5
588,876,1
394,386,5
289,505,4
361,714,5
449,221,4
143,380,5
578,777,3
505,632,5
937,961,4
502,878,3
109,389,3
464,785,4
83,200,3
568,993,2
980,455,5
111,436,4
453,680,5
354,959,3
782,551,3
675,900,5
873,675,5
312,601,5
162,287,5
550,821,5
312,370,3
382,900,5
357,0,3
394,907,5
209,751,1
160,448,4
321,732,4
632,416,4
813,904,5
715,661,5
839,768,4
349,622,2
30,587,3
218,510,5
172,63,4
240,899,2
429,240,5
604,834,5
86,511,5
252,238,4
742,409,1
220,107,5
934,95,1
594,634,5
596,84,1
824,734,5
525,694,4
147,893,5
688,591,5
971,15,5
357,619,4
788,295,5
80,484,5
655,106,1
386,566,5
951,864,4
182,149,4
4,135,1
474,233,4
906,317,4
946,66,2
792,137,4
3,0,3
45,48,4
626,907,5
831,46,2
886,932,4
393,547,2
688,713,5
398,496,5
786,6,5
504,442,4
988,3,4
923,286,5
596,296,1
943,637,4
476,850,5
425,730,5
834,442,2
65,861,5
933,849,4
511,953,4
666,443,5
363,754,4
28,148,4
625,416,4
988,979,2
65,18,5
476,530,5
218,375,4
663,854,5
143,495,5
770,106,5
310,94,3
277,472,4
8,264,5
63,457,5
922,784,5
907,617,2
907,50,1
548,521,5
111,853,4
822,982,5
624,863,2
109,225,5
390,145,5
99,363,3
907,786,2
458,200,2
493,123,5
367,158,4
797,999,5
986,755,5
687,537,5
651,624,4
173,581,5
512,434,5
470,771,5
217,218,5
665,791,5
436,939,5
447,959,3
587,494,4
946,626,5
972,694,4
418,762,4
1,719,3
914,241,4
829,998,5
39,751,3
288,659,1
758,950,1
189,105,4
493,435,5
809,228,5
554,317,5
836,206,1
524,391,3
870,664,5
376,822,4
288,554,5
171,383,4
273,423,4
338,311,5
732,70,3
749,55,5
328,795,5
46,441,4
473,338,4
68,19,4
970,795,5
907,105,1
143,147,5
91,774,5
823,298,3
142,860,4
876,368,5
746,525,4
867,981,5
605,727,3
243,743,5
121,59,5
974,404,3
753,806,5
963,558,5
436,634,5
253,160,5
590,386,4
956,544,3
273,570,3
649,543,5
711,629,4
66,507,5
250,524,5
55,435,4
43,501,3
727,425,4
65,441,5
502,283,5
456,167,3
865,311,3
441,17,3
620,502,3
752,108,5
291,319,4
241,630,3
654,369,5
891,173,5
714,974,5
663,345,5
459,783,1
439,400,5
513,162,5
717,208,5
30,134,1
926,413,3
318,826,5
161,122,5
603,961,4
632,700,3
270,707,5
566,281,4
350,663,2
173,836,5
113,31,3
381,300,5
484,331,3
80,196,5
218,206,4
505,913,5
258,323,5
676,665,5
848,994,5
524,87,3
895,429,2
719,328,4
362,840,5
847,561,3
133,160,4
936,54,5
8,680,5
308,731,5
596,54,1
587,663,5
229,729,5
594,51,4
759,401,4
933,167,4
527,518,3
725,22,1
734,346,5
877,241,3
608,156,4
502,621,5
615,946,5
323,261,5
581,56,5
872,697,4
776,256,5
408,974,5
155,29,3
561,711,5
31,731,5
574,579,5
2,614,4
223,446,5
431,953,1
181,12,2
943,754,4
511,388,2
532,920,4
465,172,5
122,445,2
790,450,4
901,747,4
604,825,4
935,161,5
38,183,5
200,54,5
477,253,3
724,598,5
698,760,5
166,360,5
245,54,4
73,499,4
53,932,4
559,725,4
296,529,5
972,910,5
178,595,4
461,173,3
574,982,5
829,901,5
924,25,5
876,200,5
173,118,5
172,90,4
121,19,5
95,302,3
755,428,1
637,458,3
3,701,5
401,791,5
876,125,1
918,103,3
938,144,5
346,907,5
919,749,2
178,51,2
874,587,4
121,704,4
170,151,4
449,386,4
597,704,3
441,48,5
167,95,4
16,450,4
132,758,5
489,561,3
584,968,4
475,534,5
63,984,5
634,455,5
85,940,5
178,799,5
469,555,5
588,435,1
375,498,2
651,148,4
575,734,5
207,542,5
447,544,4
572,400,5
329,727,4
625,277,4
552,650,5
310,786,4
445,859,4
651,692,4
913,179,3
582,11,5
847,76,4
749,481,3
404,426,3
119,498,5
285,871,3
575,963,4
371,327,5
222,285,5
191,136,1
819,715,3
502,600,5
518,617,4
738,468,5
886,163,5
930,488,5
769,388,3
829,517,3
448,807,4
400,752,4
388,590,5
89,79,5
971,772,4
358,735,5
8,408,5
408,198,5
505,454,5
369,243,5
948,823,3
450,116,3
724,5,5
916,176,5
674,478,5
268,63,3
963,632,4
873,264,5
399,584,5
751,922,4
3,31,3
35,245,3
792,206,3
207,697,5
125,859,3
925,553,5
639,327,4
546,106,5
669,896,5
718,916,4
620,612,3
169,344,5
568,883,3
537,414,2
319,210,5
247,237,5
12,642,5
57,243,3
83,595,5
505,254,5
398,232,5
922,750,5
342,254,5
90,432,5
823,14,3
588,461,3
980,387,3
148,704,3
712,339,5
524,532,4
131,611,3
10,448,4
507,693,1
159,681,5
131,487,5
259,354,4
581,453,4
419,848,5
692,76,4
85,348,3
557,879,1
767,67,3
943,356,5
109,310,3
663,208,5
750,85,4
714,260,5
856,42,4
444,961,3
329,367,1
839,536,5
83,283,5
369,236,5
559,205,4
357,943,3
861,814,2
519,421,5
751,350,4
65,771,5
277,920,3
532,893,5
103,288,5
457,924,4
933,857,5
271,829,2
927,478,5
316,324,5
712,956,5
972,389,5
637,426,4
473,143,5
31,148,3
815,410,5
34,620,5
722,169,4
412,105,4
59,31,4
38,821,5
402,447,5
198,807,3
965,838,4
504,749,3
626,102,2
922,950,4
439,702,5
760,703,5
425,321,4
740,629,4
964,457,5
839,723,4
903,806,5
318,2,5
76,584,5
674,160,4
216,151,4
419,147,5
439,490,5
925,442,5
388,261,5
671,610,5
882,274,1
682,410,5
557,126,1
114,522,5
355,294,4
615,352,5
179,22,3
290,149,2
580,551,3
569,195,5
1,472,1
898,157,2
807,105,3
31,380,5
204,227,5
530,208,5
536,69,5
87,479,1
392,580,4
405,468,5
946,814,3
362,468,5
403,705,4
895,79,2
485,752,5
906,292,5
927,841,5
841,503,2
195,913,5
716,423,4
68,525,5
765,662,3
67,415,5
162,370,4
233,712,5
126,606,4
361,719,5
642,198,5
680,669,1
845,209,5
54,541,4
527,29,4
994,784,5
6,920,3
56,727,4
12,51,5
261,137,3
25,904,5
810,878,3
296,151,3
139,979,4
885,476,2
553,902,5
941,409,5
121,884,3
780,356,4
26,174,4
633,590,5
518,956,5
972,306,4
566,758,4
587,845,5
140,162,4
408,343,5
281,739,5
695,89,1
654,863,3
768,172,5
99,377,3
544,819,5
805,611,4
319,604,5
637,793,4
968,330,5
744,149,3
740,250,5
96,426,4
517,101,3
351,12,4
128,697,3
597,960,2
546,148,4
692,103,5
357,329,5
408,960,2
496,604,5
153,601,5
730,0,3
462,632,1
14,617,3
473,720,5
926,281,4
491,917,4
450,376,5
816,307,5
920,942,2
266,186,4
833,95,1
554,404,3
229,387,5
236,918,4
365,17,5
910,746,5
807,106,5
888,955,3
816,887,5
195,627,5
623,356,5
531,597,5
946,684,3
878,891,5
725,168,1
373,220,3
641,70,5
837,978,3
917,986,5
922,697,3
654,59,3
437,83,4
810,404,4
916,744,5
841,786,3
0,30,5
637,174,3
353,722,5
129,814,3
770,53,5
543,882,2
73,919,4
146,291,5
44,964,3
329,697,1
586,622,2
360,617,4
52,603,5
664,734,5
370,359,4
699,292,5
872,503,5
662,363,3
852,857,3
341,141,3
575,808,5
265,538,4
152,209,2
660,910,3
536,96,4
119,627,5
706,742,5
864,949,5
377,51,5
935,824,3
448,32,4
807,932,5
258,281,3
942,947,5
513,646,4
537,600,5
911,167,3
8,254,5
823,544,3
198,298,3
104,524,2
80,18,3
109,341,3
158,622,3
192,914,4
983,909,4
160,533,3
489,200,4
319,984,5
365,18,5
764,416,4
757,174,3
626,714,5
89,354,4
557,519,1
726,14,3
406,825,1
988,283,5
70,17,4
269,435,3
191,302,4
336,369,5
625,662,3
827,777,3
337,988,1
406,663,2
150,702,5
233,235,5
546,76,5
982,913,5
904,825,1
671,827,5
566,90,5
528,766,5
730,331,3
186,113,5
604,141,3
919,425,4
505,910,4
452,686,5
493,697,4
812,772,5
651,469,4
229,986,5
827,84,4
251,341,3
200,710,5
36,891,5
230,875,5
308,697,4
457,857,5
6,362,3
379,257,5
102,682,3
264,510,5
148,970,3
271,537,3
74,410,5
377,95,4
324,620,5
722,531,5
44,315,3
91,834,4
531,498,4
407,426,3
870,211,5
648,377,4
882,442,2
54,335,5
137,990,4
482,786,2
288,185,1
131,366,5
635,883,4
494,103,4
631,936,4
154,943,3
587,66,5
444,117,4
97,107,5
584,544,4
780,658,5
301,562,5
809,722,5
670,822,3
212,423,4
468,783,4
212,216,4
815,295,5
480,841,5
804,954,5
687,723,3
561,327,5
852,710,3
759,171,5
220,654,5
369,806,5
213,842,5
103,885,5
879,855,3
26,9,4
725,918,1
392,649,4
31,6,5
828,466,4
403,264,5
132,882,4
423,338,4
213,818,4
496,709,5
120,425,3
568,500,4
152,296,3
872,53,5
574,368,5
653,722,5
2,287,5
379,800,5
880,448,4
73,524,4
526,193,5
878,80,5
365,441,5
526,978,5
642,428,5
648,662,4
624,338,1
802,911,5
640,149,4
212,7,4
443,789,4
215,365,1
197,55,5
395,205,3
876,913,5
323,371,5
979,786,5
59,141,4
7,825,5
289,497,5
501,573,5
419,188,3
634,885,5
156,837,5
48,740,5
384,51,5
482,725,1
677,870,3
122,632,3
363,962,4
157,778,3
385,599,5
268,940,5
646,919,2
653,434,5
235,192,5
572,92,5
446,103,3
635,312,5
748,962,5
729,391,3
5,256,5
949,429,4
411,525,5
721,795,5
151,16,3
719,629,3
555,248,5
846,945,5
361,896,5
379,69,5
811,444,3
251,485,4
982,195,5
626,435,5
641,211,4
300,330,5
346,369,5
623,37,5
186,475,4
502,189,2
891,499,4
201,718,5
100,602,4
96,353,4
945,113,2
597,39,5
881,169,3
596,963,1
150,578,2
782,841,1
527,879,4
479,559,5
258,169,5
357,229,5
842,24,5
906,69,5
676,815,5
636,641,1
939,341,5
316,738,5
353,963,4
268,102,3
873,411,5
342,128,3
841,713,3
591,510,5
465,282,4
171,944,5
312,567,5
735,167,3
402,597,5
411,794,3
171,494,3
240,77,1
598,602,5
223,963,5
675,534,5
749,39,4
548,542,4
962,163,5
258,573,5
596,313,3
835,240,4
566,148,4
608,725,4
399,535,3
753,342,5
204,242,3
85,766,4
590,815,5
71,75,5
290,454,5
75,305,5
191,479,3
108,999,4
894,55,5
207,414,3
564,39,5
298,347,5
71,686,5
158,812,5
264,469,3
983,397,3
393,863,1
119,320,5
255,487,4
58,218,5
342,536,5
536,1,5
190,8,4
379,282,4
739,59,4
842,671,5
976,85,5
922,773,4
972,200,4
979,518,3
59,76,5
610,510,5
874,241,3
26,459,4
21,486,4
27,82,5
12,354,5
207,320,5
839,107,5
296,441,5
756,616,3
971,929,5
875,312,5
516,44,5
415,450,3
837,619,1
916,69,4
553,369,5
740,247,5
139,201,5
125,787,5
972,835,5
421,6,5
802,501,4
787,279,5
696,4,5
978,762,4
443,960,2
2,498,5
842,207,5
20,20,5
165,930,4
893,158,5
125,571,5
291,450,4
294,410,5
231,63,3
191,916,4
8,963,5
360,854,4
313,169,5
919,277,3
471,31,2
433,331,2
722,974,5
360,996,5
4,299,2
618,581,5
638,927,5
785,423,4
40,989,1
896,5,5
904,236,3
256,675,1
898,403,1
300,110,5
616,354,4
576,169,5
455,469,3
638,510,5
923,684,5
766,964,3
862,70,5
543,684,3
158,613,5
411,416,4
79,106,4
301,431,5
213,193,5
978,593,3
58,431,5
667,882,5
716,959,3
769,93,3
501,235,5
382,171,5
373,500,5
659,521,5
89,150,3
290,548,5
691,580,3
337,676,1
785,824,4
231,518,3
696,455,5
3,725,4
892,360,5
195,332,4
726,37,5
393,484,5
394,13,5
116,287,5
3,160,3
901,954,5
515,114,5
436,792,4
983,612,4
972,335,4
582,854,5
276,185,1
949,862,4
391,707,5
302,246,1
252,788,5
626,972,5
629,276,5
755,542,2
699,90,4
412,177,5
1,308,4
136,17,5
413,444,1
223,383,4
219,751,1
564,757,5
94,993,5
751,792,3
369,413,3
782,727,4
466,42,4
138,702,5
783,157,3
499,777,5
394,665,5
31,159,5
331,923,5
102,794,2
982,13,5
670,217,4
494,498,4
76,338,3
139,637,3
609,334,5
415,757,5
60,611,3
392,617,5
169,933,5
482,154,1
837,498,2
42,277,5
489,431,5
893,95,5
632,436,3
561,168,5
609,798,5
250,189,5
56,52,5
266,14,4
57,879,3
895,690,3
968,517,4
914,393,5
263,183,5
476,971,5
968,692,4
519,252,5
582,76,4
778,904,5
759,212,5
153,82,5
905,328,5
871,731,5
844,663,3
810,575,5
986,134,3
341,160,4
890,59,4
50,589,4
239,185,5
681,191,5
360,361,5
540,432,5
466,938,3
275,707,4
882,511,1
846,812,5
870,446,5
648,932,4
95,621,3
519,932,4
114,390,5
192,960,4
480,821,5
234,603,2
812,292,5
734,327,5
231,13,5
553,580,3
236,407,3
886,549,5
267,56,1
620,919,3
250,72,4
149,529,5
913,877,4
569,187,5
708,144,5
10,182,5
493,473,4
86,855,4
483,951,5
9,381,2
103,145,5
602,151,3
186,878,3
799,482,3
889,444,1
305,956,4
946,695,1
688,766,4
859,74,4
285,264,5
517,735,4
971,843,5
651,720,5
943,704,3
342,889,5
96,84,3
829,896,5
502,891,5
361,756,5
65,158,5
103,583,5
321,895,5
693,327,2
171,211,5
93,165,4
799,818,2
904,695,1
490,949,5
970,437,5
237,188,3
902,249,5
880,223,3
83,539,5
663,473,5
518,602,5
717,911,5
131,72,5
811,949,5
868,429,4
281,900,5
305,3,2
736,49,4
268,189,3
52,183,5
312,356,4
800,132,5
268,330,5
531,5,5
115,357,5
182,910,5
403,346,5
874,491,5
107,56,5
952,702,5
559,363,4
4,778,4
923,391,4
506,220,4
526,750,5
354,860,4
667,808,5
727,283,5
688,126,4
918,775,5
128,589,4
845,217,4
262,225,5
544,275,3
279,967,5
972,524,4
650,79,4
831,535,3
969,391,5
968,402,5
947,993,1
785,692,4
391,510,4
800,464,5
188,421,4
694,912,5
733,200,4
355,155,5
259,99,4
361,329,5
15,303,5
164,328,1
767,157,4
65,17,4
408,549,5
642,238,5
624,835,1
648,511,4
585,172,5
406,960,1
596,74,1
775,90,4
958,947,5
539,409,5
330,124,4
608,612,3
499,290,4
639,516,4
368,137,4
732,179,4
604,838,4
311,4,5
156,194,5
825,259,3
149,191,5
997,114,5
542,172,5
808,258,5
212,492,5
52,376,5
812,785,5
614,859,5
214,652,3
208,384,4
404,679,2
815,939,5
481,660,5
633,860,4
372,399,4
355,34,4
950,293,5
604,341,4
800,390,5
487,943,4
964,702,5
324,292,5
675,58,5
446,831,3
713,402,4
155,784,5
969,300,4
904,296,5
755,345,2
257,793,1
568,963,3
415,540,3
669,531,5
512,360,5
275,824,4
872,354,5
525,154,4
142,571,5
340,369,4
782,60,4
137,209,3
89,368,5
971,91,5
979,793,4
534,82,5
93,677,4
97,5,5
871,522,5
975,155,5
434,399,4
801,684,4
463,850,5
493,228,5
749,187,4
167,251,3
704,212,5
806,778,3
456,59,3
820,545,1
901,95,5
347,216,4
291,698,5
530,970,3
787,926,5
54,160,4
449,90,4
236,740,5
889,740,4
13,46,1
2,343,5
594,684,5
181,780,2
780,737,4
565,778,3
361,103,5
220,902,5
252,213,5
952,40,5
438,308,4
635,788,5
72,394,5
444,501,4
959,461,3
581,646,5
55,134,3
21,824,3
323,467,5
958,872,5
758,814,1
608,669,3
983,428,5
649,746,5
212,997,3
471,72,3
588,64,1
946,508,4
799,942,4
378,833,5
786,945,5
77,712,5
340,746,4
947,721,4
871,70,5
648,938,4
194,731,5
38,261,5
325,243,4
319,61,5
963,521,4
902,972,5
44,319,4
561,29,5
295,772,5
421,166,5
415,841,5
640,910,5
950,389,5
484,273,3
750,307,3
991,268,5
48,105,2
669,814,5
764,517,3
33,870,1
373,772,5
742,420,1
982,557,5
661,433,5
349,715,2
952,155,4
968,186,4
36,47,2
561,515,5
109,231,2
632,63,3
846,498,5
262,707,3
466,700,3
217,650,5
629,790,4
307,788,5
301,747,4
732,726,5
923,340,4
408,59,3
300,402,4
16,72,3
810,173,3
391,42,5
608,105,3
837,370,3
647,193,5
537,549,5
662,137,4
552,56,5
98,634,5
457,534,5
779,196,5
93,83,5
17,342,5
149,258,5
668,582,5
590,90,4
777,930,5
350,319,3
300,557,5
747,204,5
670,459,3
125,668,3
571,694,4
604,389,4
400,780,4
943,421,5
148,154,4
400,54,5
149,311,5
596,240,1
911,245,1
968,356,5
353,400,5
466,544,3
10,855,4
412,952,5
404,345,2
374,702,5
365,904,5
824,24,5
171,134,2
389,82,5
620,891,5
294,870,5
52,329,5
713,438,5
188,612,4
813,698,4
105,9,4
2,486,3
437,53,5
324,40,5
466,480,3
424,117,3
645,573,5
530,413,3
53,79,5
772,540,3
290,940,4
140,676,4
991,561,3
724,618,5
911,595,3
231,47,2
268,186,3
434,445,4
422,156,1
939,59,5
692,110,5
288,326,1
935,251,2
298,238,5
970,459,3
607,696,5
844,222,5
67,227,5
789,407,2
307,562,5
660,906,4
148,395,3
637,354,4
877,107,5
212,930,4
790,217,4
280,199,5
753,264,5
969,677,5
91,752,5
982,946,5
570,527,5
775,428,5
280,583,5
601,406,5
984,99,5
617,743,3
36,479,3
495,99,4
355,747,5
348,132,5
690,868,3
696,848,5
116,889,5
172,59,3
409,480,4
903,166,4
585,656,4
452,101,5
494,846,3
666,129,5
978,34,4
26,156,4
449,700,4
551,510,4
371,274,5
448,737,5
815,35,5
918,860,3
990,177,3
305,580,2
342,360,5
177,99,4
988,626,5
132,37,5
51,179,5
170,668,4
945,899,2
155,231,2
952,529,5
161,470,5
450,181,5
774,675,1
215,336,1
450,31,3
531,103,4
505,970,3
59,909,3
379,644,5
649,343,5
504,154,2
798,658,5
429,165,5
449,845,4
445,882,5
443,919,4
55,681,5
79,978,4
95,705,3
611,691,5
198,700,3
943,807,3
530,754,4
217,302,5
251,60,4
766,646,5
415,141,3
350,494,3
447,511,5
113,413,4
81,126,1
626,958,5
968,165,4
933,587,5
493,103,5
616,784,5
151,705,1
786,587,4
150,481,3
162,824,3
977,482,3
497,308,5
79,5,5
761,336,4
985,486,4
538,864,5
358,106,4
591,0,4
758,542,1
517,245,3
974,730,5
433,79,3
200,290,5
725,977,1
595,227,5
379,172,5
212,979,4
625,309,3
311,514,1
171,227,5
42,492,4
195,642,5
116,741,4
699,531,5
902,104,5
936,157,5
517,982,5
759,51,4
182,619,4
717,422,5
739,31,2
201,739,5
621,229,5
647,104,5
692,884,3
679,157,1
980,727,3
466,807,3
237,281,3
708,695,3
915,953,1
285,396,5
41,801,5
722,110,4
308,594,4
872,375,3
561,793,4
438,415,5
590,42,5
180,805,5
943,164,5
491,321,3
233,543,5
390,190,5
860,679,3
287,465,5
193,848,5
976,413,1
67,739,5
967,515,5
704,103,5
440,509,5
721,518,4
208,219,4
96,784,5
533,155,5
713,425,4
904,379,5
313,611,4
18,443,3
433,136,2
156,449,5
532,386,4
691,382,3
34,80,5
309,595,3
317,14,3
982,317,4
997,24,5
234,154,1
283,711,4
210,855,3
32,369,5
663,910,5
642,345,5
852,273,1
399,348,3
482,906,2
506,712,5
188,700,4
133,42,4
612,905,5
985,431,5
107,757,5
654,236,3
770,281,4
170,25,5
620,860,4
91,468,5
395,569,5
505,371,5
266,938,5
62,206,4
428,134,3
919,9,3
188,165,4
935,469,2
468,713,4
410,564,4
963,736,4
361,681,5
466,690,5
297,227,5
551,785,4
289,261,5
77,443,5
897,338,3
128,373,3
358,854,5
83,3,2
247,774,1
656,488,3
214,202,4
998,182,5
788,296,5
185,142,1
121,542,5
381,286,5
248,412,5
294,104,5
835,795,4
26,694,3
841,353,4
907,538,1
105,252,3
399,150,2
614,540,5
943,538,4
234,331,1
504,595,5
260,716,5
829,102,2
926,511,5
217,459,3
641,976,5
7,66,4
687,122,5
74,696,5
19,136,3
777,102,3
477,687,5
55,491,5
641,792,5
399,327,4
255,336,3
276,556,4
275,298,4
250,803,4
808,51,5
368,160,3
772,827,3
635,246,5
131,661,5
451,654,3
481,412,5
585,555,5
852,266,2
900,650,1
303,996,4
306,739,5
331,722,5
167,155,5
648,525,4
340,708,5
479,116,4
371,54,5
667,315,4
823,414,3
462,965,1
768,234,5
271,1,1
605,621,3
881,239,5
384,757,5
667,380,5
266,414,3
465,593,3
979,617,5
50,906,5
684,662,3
298,323,5
497,890,5
941,184,4
559,612,3
224,487,5
610,835,5
141,723,4
452,524,4
96,345,2
291,934,4
687,586,5
726,159,5
663,51,5
962,553,5
194,204,5
963,311,5
872,723,5
546,289,5
193,227,5
292,888,1
349,977,4
848,446,5
600,873,4
808,428,5
975,656,5
226,143,4
156,540,2
17,767,5
91,401,5
758,29,1
331,442,5
955,268,5
786,647,5
980,132,4
828,483,2
273,807,4
992,903,2
526,346,5
104,857,3
957,434,5
710,377,4
172,106,5
873,359,5
12,160,3
970,408,5
399,229,5
631,673,4
744,588,4
691,823,2
100,326,1
41,506,5
87,373,1
369,348,3
71,590,5
569,598,5
341,67,4
532,638,5
357,310,3
708,338,5
348,537,5
262,891,5
713,105,5
270,341,4
876,203,5
231,970,2
766,578,3
403,588,4
834,932,1
674,226,4
809,128,3
324,123,5
890,639,5
768,357,5
565,708,1
890,110,5
506,705,4
694,131,5
128,854,4
287,399,5
553,867,5
448,469,3
642,708,5
426,731,5
844,907,5
243,122,5
483,805,3
792,707,4
642,66,5
916,678,5
181,554,5
277,657,5
442,953,5
946,29,3
167,59,3
591,428,5
162,906,5
796,912,5
421,34,3
12,347,5
810,475,3
2,121,5
873,399,5
299,859,4
713,332,5
99,473,4
3,69,5
572,512,5
544,607,1
170,512,5
743,546,1
466,677,5
109,498,4
646,216,2
990,622,1
485,177,3
839,247,5
491,1,3
972,532,4
363,370,4
642,306,5
768,566,5
296,315,3
736,593,5
148,331,3
652,284,5
316,870,5
119,549,5
831,39,5
929,698,5
389,190,5
440,340,2
990,508,4
493,467,5
497,383,3
891,845,5
306,655,5
50,683,4
95,35,5
363,208,5
630,926,2
33,253,1
165,481,3
514,504,5
292,461,1
625,208,5
20,482,4
85,780,5
207,815,5
807,381,5
786,371,5
567,101,4
471,825,2
746,524,4
63,212,5
847,203,5
906,75,5
132,761,4
380,220,4
624,42,1
307,969,5
36,422,4
254,19,4
376,110,5
312,37,5
670,431,5
374,627,5
270,834,5
181,433,1
946,270,5
643,335,3
152,369,3
602,861,5
550,680,5
719,685,2
142,707,5
465,574,5
236,444,4
320,838,3
113,818,5
741,863,1
295,95,5
594,773,4
131,860,3
500,410,5
46,234,5
782,671,5
407,332,4
716,755,5
86,822,4
447,189,3
40,799,1
701,133,5
780,575,5
706,994,5
120,39,4
451,485,4
49,9,3
228,918,1
687,623,5
341,725,5
616,52,5
270,72,4
790,698,5
231,154,2
393,435,2
142,589,5
660,214,5
585,874,5
59,822,5
32,12,4
308,376,5
811,519,3
153,747,4
59,960,4
342,757,5
544,299,4
35,629,2
294,760,5
109,641,5
186,677,5
963,55,4
162,853,3
960,916,4
801,485,4
339,246,5
918,323,3
887,468,4
335,45,5
216,125,4
896,683,5
934,369,3
234,595,4
32,540,4
901,776,4
588,738,3
525,433,3
768,957,4
433,290,4
36,60,5
786,258,5
347,429,5
621,47,3
990,395,1
399,951,4
347,363,4
197,772,5
336,762,2
968,290,5
309,737,1
314,306,5
77,86,5
962,670,5
375,595,3
338,811,5
330,260,5
369,525,4
504,584,5
113,804,5
450,32,5
273,989,4
694,527,5
13,223,1
188,216,3
332,510,4
391,425,5
254,128,4
669,675,5
878,942,4
911,317,1
767,974,5
844,242,5
792,501,3
504,705,3
718,359,4
107,461,5
661,243,5
13,433,1
31,901,4
136,971,5
14,22,3
793,285,5
775,189,5
119,229,5
626,562,5
289,861,5
293,103,4
731,399,5
423,416,3
992,558,4
396,82,5
517,913,5
493,614,5
247,832,5
701,89,5
643,229,5
177,513,5
618,464,5
250,834,5
438,324,3
34,946,5
872,52,5
883,909,4
730,818,5
648,47,4
831,327,5
42,421,5
277,773,4
764,94,4
607,842,5
62,8,5
520,403,5
170,529,4
637,835,3
253,541,5
129,548,5
443,329,5
887,320,4
898,649,2
89,710,4
765,460,3
633,841,4
421,12,4
290,379,5
571,857,5
774,468,3
483,126,5
930,768,3
937,375,4
581,578,3
990,270,5
355,973,4
117,194,5
970,224,5
580,575,5
706,726,5
458,860,2
245,942,5
875,835,4
304,133,5
946,348,2
986,827,4
926,567,4
615,43,5
611,702,5
404,950,3
648,422,5
600,191,5
442,55,5
807,448,4
520,1,5
713,181,5
121,821,5
679,989,1
805,67,4
897,119,3
55,863,3
469,634,5
956,853,3
447,541,4
738,303,4
381,54,5
572,364,4
696,775,5
917,254,5
286,742,5
920,696,1
63,975,5
716,160,4
836,857,3
234,906,3
548,811,5
935,693,5
525,998,5
55,982,5
694,118,4
196,91,5
505,226,4
366,175,5
700,190,5
404,797,4
364,840,3
981,558,5
565,869,1
45,482,3
542,604,4
722,329,4
391,979,5
551,359,5
504,480,2
360,425,4
686,165,3
671,789,3
102,105,3
814,570,3
427,184,3
710,979,4
746,910,4
665,451,2
275,160,4
971,947,5
13,780,3
86,221,5
1,323,3
120,525,3
701,122,5
823,67,3
478,122,5
952,827,4
736,909,4
855,954,5
361,70,5
230,544,3
603,669,3
136,672,5
884,637,3
54,822,4
416,449,5
630,841,1
581,596,5
587,492,5
374,467,5
333,299,4
483,503,4
299,640,3
804,26,4
559,273,4
710,749,4
10,894,4
568,257,3
80,894,3
347,889,5
518,395,2
263,12,5
560,202,1
811,638,4
648,911,4
6,677,3
982,352,5
649,204,5
784,465,3
42,3,4
200,620,5
31,818,5
530,733,5
734,569,5
149,992,5
447,423,4
886,82,5
775,478,5
727,320,5
890,733,5
580,902,5
443,897,4
472,72,4
7,733,5
544,779,3
148,3,5
49,700,3
917,808,5
15,515,5
422,42,1
578,723,2
306,271,5
858,983,5
107,125,4
353,947,5
72,408,5
406,223,1
302,660,1
75,560,5
273,341,4
493,157,5
78,751,5
93,377,5
534,537,5
220,986,5
374,872,5
382,581,5
194,698,3
166,571,5
137,415,5
38,573,5
335,495,5
759,577,5
776,364,4
141,157,4
134,635,5
195,824,3
87,239,2
135,99,5
639,301,5
509,861,5
572,536,5
85,752,5
95,978,3
254,910,4
583,859,4
704,542,4
713,541,4
816,463,5
88,487,5
71,974,5
54,970,4
221,617,4
370,786,4
742,563,1
824,615,5
179,901,2
418,746,5
660,525,5
553,229,5
671,132,5
937,920,5
925,3,5
144,898,3
735,946,5
178,79,3
623,517,3
262,161,5
314,796,4
646,169,5
695,564,3
7,376,5
347,541,3
964,115,5
754,30,5
133,187,5
123,814,3
346,284,5
50,76,4
941,977,3
958,107,5
959,211,3
28,733,5
972,561,4
551,28,4
778,471,5
566,603,4
123,4,5
648,363,4
916,293,3
357,865,5
116,148,4
704,245,4
467,308,5
152,963,2
458,584,5
171,959,1
668,488,5
170,250,5
650,829,5
371,729,4
491,804,4
321,17,4
633,827,5
22,62,5
979,688,3
324,893,5
79,910,4
497,129,5
311,53,1
565,89,2
628,864,5
807,680,5
282,812,4
347,164,5
71,932,4
421,40,5
773,280,5
172,139,5
95,442,4
786,686,5
8,69,5
402,211,4
62,805,5
551,708,5
809,216,3
166,599,5
429,835,5
285,647,5
523,326,5
827,671,5
220,267,5
152,157,1
914,876,5
760,247,5
51,207,5
361,228,5
269,626,5
82,240,2
308,567,4
753,657,5
491,862,4
401,719,3
268,754,4
758,327,1
900,654,4
923,705,4
132,423,5
894,619,4
880,841,4
666,134,4
837,60,3
566,587,5
604,55,5
664,353,4
267,742,3
867,802,5
228,100,1
791,805,5
268,80,5
116,891,5
341,637,4
700,992,5
478,213,5
898,418,2
783,474,3
129,355,2
453,620,5
744,20,5
167,877,5
952,800,5
16,735,5
577,728,4
493,731,5
369,480,3
889,265,2
336,663,1
759,974,5
36,784,5
936,321,4
244,844,4
309,88,1
279,645,5
516,687,5
418,282,5
223,368,5
941,16,5
744,307,5
273,479,5
345,176,5
508,20,3
633,992,4
843,396,5
904,59,3
0,984,5
939,101,5
707,936,5
554,486,3
886,159,5
355,776,5
586,479,3
722,748,4
716,294,3
608,855,3
818,375,3
482,426,3
375,274,1
195,169,4
511,519,2
640,860,4
449,391,5
337,844,1
552,771,5
195,701,5
310,309,3
200,940,5
576,561,4
145,521,1
481,8,3
698,464,5
13,774,1
330,832,5
780,414,2
594,710,5
873,724,5
31,860,5
109,710,3
79,600,5
522,64,3
265,236,4
834,422,2
79,889,4
295,521,5
410,644,1
530,700,3
109,514,4
868,697,4
152,236,3
733,266,4
782,588,3
455,871,3
661,291,5
388,745,5
482,834,1
218,887,5
911,498,1
354,11,5
575,482,3
891,14,5
696,846,4
641,561,4
667,716,5
640,266,3
430,615,5
317,584,5
275,878,4
875,428,4
918,817,5
963,143,4
298,95,5
214,96,4
187,792,5
746,123,5
86,856,4
158,460,5
958,536,5
310,538,3
277,274,4
308,889,5
452,204,5
391,165,5
138,261,5
118,864,5
171,495,5
646,754,4
234,579,5
486,991,5
324,163,5
412,834,5
373,718,5
471,871,3
91,547,5
7,567,5
150,561,4
556,142,4
347,396,5
603,205,4
640,451,4
208,630,4
577,948,4
519,893,5
92,25,5
141,209,3
976,676,5
732,193,4
70,108,5
693,564,5
545,58,5
591,637,5
943,50,4
906,872,5
2,818,5
841,525,3
36,938,4
140,99,4
520,551,3
445,158,5
566,499,3
497,104,5
102,165,1
18,180,5
194,278,5
915,965,1
102,94,3
498,884,3
227,108,5
662,816,3
510,846,3
804,467,5
730,551,3
278,132,4
766,217,5
759,320,5
402,757,5
384,629,3
183,92,1
803,58,5
820,33,3
596,773,1
985,274,4
580,586,5
804,974,5
582,211,4
141,553,4
376,523,5
324,113,5
155,982,5
758,355,1
96,684,3
696,982,5
738,829,4
640,19,4
232,391,5
509,497,5
419,753,2
787,645,5
99,580,3
284,111,5
254,200,4
915,740,2
922,942,4
841,77,1
337,27,1
428,578,3
159,471,5
132,481,3
581,241,4
953,200,5
546,914,5
190,47,3
904,595,4
798,804,5
618,760,5
51,147,5
113,105,4
480,428,5
713,110,5
369,942,5
511,559,5
619,41,5
937,816,5
582,735,4
938,736,4
52,824,4
654,897,1
687,467,5
472,451,1
809,418,5
998,811,5
765,777,4
161,933,5
77,971,5
376,824,3
553,317,3
672,108,5
111,855,4
270,930,5
262,123,5
746,187,4
144,685,2
837,727,4
193,71,5
805,875,5
581,293,5
37,829,4
293,4,5
511,162,5
172,154,4
427,29,1
540,387,5
740,895,5
411,355,4
527,465,3
879,277,4
814,785,5
955,593,1
962,768,5
894,863,5
896,75,5
892,562,5
839,246,4
726,101,3
984,781,5
91,768,5
341,148,4
904,614,3
230,298,3
571,274,5
53,472,5
440,749,2
536,353,5
577,611,3
882,773,2
849,208,1
913,687,5
495,4,5
79,681,5
273,459,3
755,684,2
671,578,4
180,510,4
937,436,4
684,932,4
331,304,5
277,289,4
872,143,5
411,205,4
61,215,5
73,603,4
430,633,5
638,805,4
809,756,5
804,782,5
988,152,5
360,354,4
986,540,4
555,730,4
239,272,5
939,570,4
623,50,5
319,258,5
958,400,5
107,578,3
716,932,5
746,766,4
673,605,4
31,601,5
576,59,4
990,327,4
564,710,4
748,860,5
212,845,4
653,562,5
561,523,5
801,857,3
730,294,3
418,166,5
120,649,3
805,894,4
380,430,5
913,249,4
769,995,4
196,591,5
143,735,3
320,930,4
295,204,4
912,769,5
243,446,5
810,373,5
140,950,3
43,765,4
651,76,5
75,831,3
793,468,5
18,564,4
605,667,2
881,856,3
243,470,5
41,850,5
595,199,5
895,823,2
955,46,2
523,736,5
495,162,4
83,913,4
870,587,4
906,447,5
73,761,4
651,910,5
623,414,3
709,759,5
852,707,4
798,448,4
584,517,4
968,676,5
218,785,5
591,834,5
429,695,4
774,445,1
233,5,5
120,522,4
353,213,5
686,682,4
900,763,5
749,332,5
699,894,4
22,574,5
113,525,4
855,738,5
482,749,1
58,103,5
257,881,5
581,134,3
617,104,5
213,163,4
513,278,4
734,724,5
431,525,1
786,367,5
606,840,1
648,538,4
766,897,2
34,365,5
306,38,5
999,797,2
532,686,5
54,321,5
156,791,5
135,787,5
522,859,3
755,236,3
126,463,5
28,492,5
286,36,3
448,229,5
531,292,5
105,422,4
270,998,5
748,919,4
906,573,5
210,807,2
452,7,4
603,816,4
223,41,5
87,852,3
105,684,4
112,366,3
464,805,4
610,421,4
63,75,5
270,294,3
151,812,1
229,286,5
102,39,3
797,346,4
552,698,4
755,84,3
929,656,5
908,939,4
31,511,4
951,927,2
464,83,3
307,972,5
281,305,5
0,204,5
229,657,5
621,142,5
286,468,3
231,814,5
45,513,4
906,958,5
409,340,3
871,646,5
447,856,5
180,887,5
634,702,5
770,148,4
991,24,5
411,682,5
191,14,3
231,177,3
289,646,5
490,583,5
224,706,5
773,484,5
329,814,1
21,368,5
254,711,5
331,167,5
31,106,5
959,578,2
426,790,4
720,458,2
224,887,5
5,112,4
793,687,5
470,590,5
727,932,5
502,63,3
621,987,5
7,101,4
152,288,2
28,345,5
959,497,3
740,534,5
392,201,4
136,610,5
458,3,3
312,164,5
71,773,5
114,443,5
280,468,5
325,736,4
923,538,5
153,780,4
550,632,5
128,188,4
694,271,4
149,732,5
500,534,5
206,654,4
419,24,5
595,689,5
982,102,3
377,693,5
698,931,5
875,758,4
165,776,5
745,150,1
758,917,1
775,475,4
769,643,5
395,989,5
467,572,4
324,712,5
654,143,5
800,555,5
508,788,5
629,624,5
541,336,3
447,816,4
775,414,4
408,693,5
303,589,4
85,880,5
449,202,5
596,197,2
500,91,5
801,310,3
52,185,5
765,835,3
722,37,5
727,55,4
186,710,5
455,749,4
960,819,5
766,393,5
940,721,4
782,193,4
731,275,3
335,623,5
978,873,4
664,250,5
989,118,5
363,968,4
237,595,4
204,56,4
280,82,5
843,418,5
187,829,4
567,790,3
131,913,5
103,476,5
636,232,3
79,731,4
699,40,5
532,113,5
27,549,5
33,792,1
901,7,4
821,543,5
648,637,4
719,49,1
681,246,5
497,147,5
828,629,3
857,707,5
562,313,1
22,808,5
831,272,4
62,220,5
237,690,3
36,480,4
786,254,5
275,494,4
894,428,5
797,87,4
440,197,5
977,963,2
471,575,5
328,437,5
890,332,5
404,8,1
80,496,5
165,894,5
793,213,5
728,90,2
95,777,3
14,835,2
629,450,4
927,489,3
588,240,3
204,461,3
811,814,3
918,495,5
527,377,3
912,490,5
949,239,3
928,440,5
685,63,2
500,562,5
357,459,4
689,457,5
122,163,3
845,906,5
63,858,5
801,784,5
607,288,4
15,951,5
103,324,5
286,303,4
559,165,4
671,134,4
884,174,3
713,6,5
683,553,4
754,367,5
183,883,3
294,985,5
235,269,4
655,252,2
880,341,4
402,504,5
321,757,5
371,657,4
500,616,5
787,122,5
151,106,1
535,382,2
756,738,3
928,286,5
68,749,4
238,371,5
162,692,4
553,891,5
569,236,4
163,68,5
530,272,5
626,91,5
822,239,3
51,802,5
713,913,5
132,148,4
87,526,1
194,841,3
998,426,5
705,680,5
810,690,4
688,503,4
273,273,2
531,647,5
590,669,4
276,813,3
877,944,5
841,508,3
52,223,4
739,80,5
39,445,3
48,310,1
805,221,5
643,745,5
643,360,5
293,335,3
539,212,5
831,806,5
862,698,3
939,386,5
247,950,4
114,357,5
331,829,5
563,393,5
547,257,3
55,231,3
432,919,3
59,397,3
801,710,3
416,739,5
386,378,5
414,571,5
636,778,1
966,689,5
703,98,5
354,242,4
866,678,5
982,110,5
143,59,3
758,842,2
310,208,3
134,995,3
844,12,5
814,748,5
532,601,5
852,533,4
837,200,3
920,230,3
552,64,5
265,162,5
253,273,4
363,896,5
660,780,5
76,715,2
978,130,5
812,209,4
124,743,5
581,827,5
706,15,5
211,696,4
111,807,5
961,688,4
373,45,5
357,600,5
336,719,4
973,236,1
668,507,5
401,88,2
131,910,4
640,195,5
324,479,4
532,289,4
478,500,5
864,703,5
341,570,3
902,562,5
46,133,5
801,694,3
206,285,4
458,283,4
437,891,5
970,735,5
949,7,2
274,666,3
218,988,5
317,59,3
416,415,5
720,327,2
285,834,4
676,655,5
829,473,5
587,266,4
202,900,5
201,120,5
113,0,2
450,856,5
489,11,5
684,938,3
986,451,4
713,853,4
704,815,4
928,300,3
298,258,5
229,917,5
263,306,5
452,221,5
643,178,5
222,240,5
410,613,1
620,619,4
574,946,5
149,282,5
258,663,3
200,766,4
84,158,1
365,984,5
674,948,5
545,104,5
554,741,3
161,121,5
287,205,4
848,10,5
776,244,5
795,941,5
919,694,3
404,842,3
630,560,5
777,878,3
985,875,4
620,809,5
155,834,3
646,621,5
213,95,4
558,626,4
499,47,1
21,618,5
129,177,1
822,727,4
138,293,5
852,612,1
458,486,2
216,936,4
253,469,5
98,958,5
197,53,5
938,311,5
5,788,5
835,354,5
609,243,5
117,632,5
986,973,5
714,686,5
212,47,5
135,846,5
398,488,5
140,73,3
582,654,5
481,812,5
560,696,2
419,735,4
994,710,4
527,233,4
233,746,5
782,599,5
181,374,3
768,467,5
851,44,5
360,707,3
545,471,4
127,315,2
708,713,5
3,824,3
251,272,4
54,997,4
997,562,5
692,188,5
391,945,5
517,537,5
238,223,3
294,268,5
768,872,5
346,925,5
127,448,4
915,869,1
749,857,5
478,896,5
502,229,5
715,307,5
893,958,5
870,731,5
587,102,4
189,533,3
957,958,5
321,18,4
221,779,4
1,990,2
427,426,2
746,521,4
986,841,5
348,907,5
250,707,4
797,785,3
106,737,2
818,205,4
674,367,5
786,279,5
768,191,5
205,46,1
75,352,5
1,283,3
218,508,5
714,567,5
655,794,2
8,468,5
260,261,5
710,165,4
11,430,1
144,134,5
851,633,5
575,795,4
242,175,5
731,786,4
76,886,4
158,233,3
52,166,5
749,825,3
717,386,4
655,697,1
305,285,5
30,929,5
196,293,4
512,21,5
10,612,4
177,918,5
28,860,4
160,211,4
111,748,5
565,444,1
38,771,5
445,17,5
334,197,1
423,119,4
956,511,5
377,113,4
622,344,5
594,957,5
666,140,5
15,46,2
81,84,3
111,321,5
182,128,5
461,786,4
252,978,4
133,60,5
38,841,4
502,997,3
1,978,3
179,139,3
449,875,5
97,387,5
4,918,3
415,692,4
635,164,5
98,235,5
879,67,4
104,113,3
207,251,4
581,12,5
128,773,3
494,221,3
747,629,5
331,5,5
190,523,5
744,637,4
484,910,5
190,970,2
192,692,4
212,281,4
942,304,5
773,734,5
217,312,5
389,958,5
982,974,5
361,14,3
367,792,5
871,889,5
948,683,3
699,601,5
419,976,4
202,678,5
54,221,5
573,558,3
621,348,3
968,754,4
445,92,4
412,893,5
301,312,4
452,116,3
676,770,5
181,354,3
642,252,4
71,69,5
353,623,5
51,203,5
433,128,3
268,878,3
506,641,5
54,376,5
420,45,5
518,454,5
191,517,2
493,542,5
786,433,4
291,673,5
786,593,3
770,294,4
643,380,5
604,148,4
390,113,4
955,355,2
95,74,4
423,862,4
150,19,4
930,496,5
766,747,5
740,571,5
715,606,4
448,3,4
910,438,5
615,557,5
104,649,3
720,532,3
790,964,3
839,81,5
898,503,3
803,455,5
126,33,5
682,509,5
870,447,5
907,816,1
405,440,5
447,728,5
782,515,5
917,82,5
89,46,3
10,988,5
365,497,4
390,112,4
14,433,2
620,200,5
610,945,4
247,953,3
745,313,4
863,643,5
805,948,4
975,31,5
823,59,3
500,466,3
41,668,3
724,811,5
13,696,3
321,107,5
641,520,5
329,396,3
458,541,2
401,317,3
813,489,3
498,959,4
379,756,5
191,382,2
371,346,5
25,172,5
336,242,4
470,663,4
874,23,3
116,343,5
802,365,5
885,353,1
660,189,4
447,997,3
871,109,5
207,76,5
201,323,3
628,361,5
312,102,3
251,950,5
152,381,1
720,508,3
634,495,5
561,480,4
502,852,5
546,116,3
661,425,5
796,633,5
805,856,3
832,849,5
546,34,5
285,569,5
504,273,2
466,124,5
900,405,2
727,472,5
31,254,5
600,772,5
920,839,4
395,83,4
185,942,1
8,240,5
543,899,2
812,901,4
351,578,2
53,487,5
115,246,5
48,485,4
270,141,3
521,616,5
195,559,5
952,109,5
732,929,5
249,106,3
814,473,5
640,291,4
730,910,3
332,553,4
427,430,1
562,62,1
449,370,4
86,386,5
194,335,5
15,388,4
831,951,5
862,315,4
182,451,5
882,53,1
43,165,3
687,297,5
677,324,1
539,297,5
597,356,5
985,54,5
529,236,4
933,904,5
506,986,5
844,61,5
258,594,5
128,611,3
478,5,5
199,779,3
345,24,5
320,960,3
472,492,4
806,558,2
394,317,4
332,54,4
83,218,5
643,62,5
40,327,1
925,686,5
235,826,3
740,904,4
874,590,5
308,974,5
726,274,5
986,31,3
868,553,4
392,705,4
59,294,3
220,157,4
979,765,5
735,548,5
465,254,5
734,677,5
94,34,4
613,97,1
729,674,3
131,50,4
777,594,5
969,346,5
718,144,5
731,353,5
910,327,5
906,261,5
389,583,5
794,283,3
29,252,3
982,940,5
470,964,3
161,907,5
957,100,5
6,875,3
8,773,5
7,838,2
358,529,5
426,376,5
733,494,3
684,309,3
99,216,3
450,570,3
311,36,4
881,690,3
354,34,2
123,338,2
396,650,4
125,319,3
391,532,5
629,374,5
200,701,5
819,617,5
315,318,5
223,104,5
81,252,3
609,28,5
788,383,3
693,842,3
876,859,4
159,680,5
160,12,4
363,997,3
882,51,1
135,103,4
782,979,1
635,167,5
565,917,1
338,392,2
284,307,4
855,161,5
543,105,2
647,58,5
393,240,2
277,833,4
963,708,5
414,900,5
972,401,4
688,260,5
688,388,4
788,616,4
269,629,3
450,369,5
780,907,5
52,957,5
782,369,4
933,35,5
791,281,4
311,64,1
405,950,4
665,629,2
466,662,3
648,94,5
829,930,4
205,392,1
621,136,5
266,404,4
220,923,5
632,105,3
796,91,5
772,353,3
644,331,2
811,703,5
282,562,5
376,195,4
615,665,4
966,112,3
443,489,4
95,813,5
60,621,3
544,711,4
969,691,5
251,409,5
408,40,5
917,976,5
39,420,3
178,862,1
849,720,1
556,168,5
365,483,4
142,647,5
939,935,5
899,443,5
128,596,4
171,753,3
31,385,5
464,430,5
376,473,4
210,853,3
195,329,4
420,15,5
1,335,1
159,942,5
607,488,5
974,63,1
645,642,5
131,59,4
631,129,5
307,500,4
75,207,5
179,773,2
70,895,5
373,534,5
367,234,5
596,253,1
466,32,4
318,130,5
733,214,5
308,619,3
875,854,5
300,962,4
832,323,3
357,102,4
37,301,5
424,77,3
391,524,5
833,812,1
916,836,5
887,711,4
883,959,3
858,38,5
409,538,4
162,979,4
765,426,4
832,900,5
658,455,4
631,497,5
124,146,5
901,198,4
578,654,3
537,690,4
677,905,5
452,428,5
502,974,5
624,617,3
798,914,3
498,838,4
615,396,4
337,80,3
86,499,5
521,384,3
252,410,5
378,784,5
472,335,3
733,544,3
426,40,5
939,481,3
533,23,4
121,341,5
472,281,3
905,226,5
775,59,5
103,925,5
155,679,4
526,901,4
420,991,5
916,107,5
224,703,5
70,25,5
855,235,5
210,310,2
519,961,4
575,104,5
391,932,5
577,701,4
654,626,5
896,974,5
268,621,4
837,667,2
234,784,5
645,549,5
338,194,5
534,172,5
577,386,4
58,396,4
95,149,3
891,90,4
102,421,2
904,814,1
476,585,5
162,14,2
720,156,3
487,766,4
255,953,4
38,386,5
501,582,5
776,390,5
619,256,5
664,666,5
884,303,5
494,658,4
172,298,3
263,992,5
924,441,5
737,738,5
358,262,5
662,725,4
623,475,4
640,95,5
142,910,5
108,545,4
645,733,4
191,79,3
635,101,3
877,393,5
889,798,2
378,814,4
821,746,5
974,80,5
748,370,5
101,126,4
891,329,5
746,752,5
638,300,5
448,72,4
214,445,4
952,461,3
957,48,5
230,252,5
21,714,5
220,829,5
958,330,5
713,418,5
829,356,4
572,360,5
52,70,5
120,375,3
44,668,4
142,694,4
2,712,5
335,68,5
954,850,5
75,41,5
167,841,3
0,882,5
731,839,5
78,598,5
472,862,4
554,804,5
916,581,5
978,540,5
361,557,5
959,374,3
291,596,5
13,644,1
355,673,4
102,156,3
621,382,4
140,468,3
745,355,1
194,66,4
159,345,4
634,982,5
123,842,4
748,206,4
493,201,3
922,508,4
295,540,4
934,514,1
555,583,5
953,185,5
615,852,4
181,150,1
620,251,3
565,426,3
7,854,5
286,721,3
909,391,4
793,152,5
32,439,5
958,121,5
968,32,3
367,801,4
123,433,2
861,458,2
545,415,5
497,599,5
938,709,5
198,277,3
319,358,5
355,19,5
125,125,3
746,519,4
34,356,5
599,1,2
727,503,4
281,449,5
919,363,3
675,271,5
403,69,5
893,782,5
676,211,4
641,245,4
210,418,4
912,434,5
196,240,5
514,582,5
968,418,5
615,722,5
824,905,5
674,825,4
240,430,2
628,311,5
53,60,5
746,141,3
950,825,5
496,873,3
979,60,5
699,567,4
165,281,4
385,58,5
862,919,2
343,973,4
51,238,4
548,238,4
245,502,3
483,533,3
504,946,5
295,825,4
813,276,5
808,550,4
223,218,5
604,66,4
403,159,4
975,427,4
466,272,5
989,983,5
704,195,4
355,291,5
778,23,3
575,439,4
301,200,3
454,921,5
406,114,5
645,597,5
889,696,3
807,421,4
693,8,1
626,618,5
290,856,3
759,82,5
77,82,5
545,91,5
354,132,5
229,952,5
810,163,5
444,649,5
944,93,3
441,718,5
121,154,4
829,169,4
632,94,4
171,860,3
308,601,5
449,421,4
76,519,3
534,387,5
132,141,3
643,723,4
321,512,5
857,432,5
880,803,5
60,517,3
850,675,3
793,253,5
447,621,5
99,785,5
790,453,4
633,389,4
223,929,5
95,669,2
139,569,5
952,224,5
448,580,4
990,454,5
282,842,5
141,542,4
289,732,5
0,919,4
914,453,4
34,332,5
358,387,5
815,323,3
676,925,5
969,487,5
71,254,5
33,127,1
880,596,5
511,703,5
195,486,3
642,185,5
233,40,5
189,60,5
876,167,4
376,494,4
906,303,5
528,524,4
859,558,5
737,13,5
729,638,3
63,986,5
836,899,3
537,252,5
866,659,5
957,235,5
473,863,4
927,134,4
540,103,5
808,772,5
578,79,3
635,247,5
792,50,4
175,969,5
889,953,1
252,60,5
759,957,5
369,80,5
265,519,3
179,178,2
685,298,3
517,200,4
518,283,5
633,573,5
420,314,5
91,542,5
456,719,4
51,112,4
871,433,3
638,375,5
607,750,5
962,601,4
285,710,5
638,785,5
384,924,5
551,674,4
105,542,3
159,981,5
946,749,2
446,500,2
361,266,3
437,100,5
42,67,3
647,739,5
34,768,5
369,684,4
664,476,4
266,517,3
249,684,2
64,912,5
574,745,5
51,900,5
880,427,4
575,653,5
571,677,5
347,998,5
646,356,5
807,626,5
722,962,3
249,105,2
925,421,4
546,600,5
783,862,3
198,694,3
400,286,5
470,673,5
106,9,3
800,247,5
363,815,4
592,437,5
111,206,4
391,266,4
185,647,1
245,523,5
708,33,5
268,382,3
239,29,5
29,103,4
108,411,3
392,373,3
719,417,2
582,195,4
441,457,5
745,426,4
175,581,4
27,258,5
205,819,4
998,184,5
971,666,5
553,661,5
9,492,1
889,53,1
662,700,3
426,993,5
275,373,5
740,224,5
165,351,5
207,294,3
726,816,4
53,538,5
370,174,3
363,239,5
31,7,4
889,162,3
537,824,4
426,329,5
583,485,5
155,310,3
354,841,5
411,700,3
169,892,5
586,518,3
434,33,5
365,390,5
988,43,5
184,365,2
747,587,5
804,6,5
304,199,5
250,525,5
842,167,4
646,913,4
97,693,5
248,194,5
403,54,5
376,402,5
496,850,5
775,469,4
767,824,3
653,267,5
21,614,4
251,160,3
684,156,4
708,143,5
433,580,2
887,942,4
505,871,3
331,498,5
127,387,5
692,473,5
823,404,3
159,454,5
277,157,5
26,436,3
890,729,5
374,800,5
148,413,3
626,808,5
886,330,5
5,795,4
847,775,5
428,907,5
735,285,5
453,509,5
344,666,4
926,273,4
189,855,2
270,310,4
770,603,4
879,351,4
948,765,4
602,125,3
616,906,4
999,257,1
631,241,5
755,773,2
985,473,4
456,883,5
231,637,3
533,630,3
735,852,4
51,924,4
260,746,5
834,164,3
160,461,3
425,680,5
318,279,5
22,75,5
701,107,5
181,917,4
872,198,4
769,703,4
958,387,4
455,970,3
164,762,2
330,863,4
51,976,5
244,883,4
430,513,4
263,608,5
238,608,5
16,13,5
447,216,4
386,24,5
758,142,1
505,106,4
258,293,5
781,742,2
22,843,5
320,822,5
890,116,3
42,202,5
65,467,5
449,113,5
711,874,5
604,402,5
742,840,1
104,7,3
974,621,3
806,407,1
228,419,2
594,675,5
666,12,4
791,533,4
802,9,5
446,846,3
705,844,5
188,395,5
162,803,4
348,261,5
897,941,5
148,715,3
641,534,5
226,736,4
3,113,5
985,237,5
34,927,5
945,430,1
418,26,5
471,704,2
343,113,5
301,589,5
680,9,3
970,254,5
293,167,4
988,579,5
119,636,5
82,990,2
972,7,4
621,807,3
507,142,1
916,15,5
557,334,2
681,583,5
159,639,4
184,899,2
563,315,3
902,476,5
927,909,4
975,698,5
706,249,5
840,286,3
846,273,4
446,784,4
498,217,5
416,104,5
733,356,4
655,274,2
505,231,2
260,590,5
829,376,5
212,14,4
633,698,4
505,521,5
712,54,5
791,932,5
452,264,5
662,63,4
707,861,5
358,647,5
296,210,5
705,246,5
365,650,5
611,949,5
805,748,4
162,621,5
207,378,5
68,389,4
819,395,3
172,511,5
500,846,5
58,621,4
157,633,5
809,469,2
713,707,5
496,18,5
843,309,3
132,173,4
363,209,4
650,487,5
791,370,4
836,430,4
764,580,2
188,436,3
14,208,3
453,681,5
412,854,5
878,202,5
434,887,3
544,93,3
339,954,5
156,203,5
582,281,3
85,593,3
16,481,3
58,262,5
101,883,5
131,14,3
105,979,2
782,950,4
621,690,5
533,241,5
181,595,5
59,291,5
150,681,5
374,844,5
458,373,3
692,639,5
493,262,4
142,200,4
444,503,5
289,255,3
635,952,5
312,531,5
290,438,3
87,498,3
507,313,1
2,823,3
231,290,5
20,204,2
649,555,5
905,571,5
299,960,5
350,871,2
120,365,4
935,145,5
799,197,3
654,934,4
109,103,4
358,603,4
632,298,3
115,467,5
983,728,5
14,313,5
144,49,2
205,268,5
897,29,3
363,594,4
807,979,3
930,84,4
440,79,4
102,649,3
301,182,5
988,539,5
585,534,5
691,690,3
973,626,3
24,609,5
172,815,5
428,132,4
939,962,5
836,676,4
847,629,4
889,918,4
314,33,5
161,947,5
958,347,4
785,930,5
419,451,2
567,522,5
113,330,5
948,611,3
861,715,2
505,311,5
296,23,3
736,134,4
342,874,4
483,187,4
460,15,5
135,810,5
525,523,5
954,441,4
160,798,5
914,610,5
316,734,5
368,697,4
605,795,4
550,258,5
132,0,4
532,748,4
498,822,5
403,901,4
298,782,5
91,264,5
185,917,1
469,591,5
342,5,5
602,757,5
350,152,5
633,238,5
518,715,2
973,654,1
22,470,5
309,379,5
392,508,5
722,712,5
951,237,3
371,891,5
97,974,5
298,952,5
592,536,5
695,844,1
131,667,3
485,525,3
638,979,4
628,26,5
460,811,4
953,525,4
611,670,5
304,830,5
711,235,5
323,590,5
65,443,5
988,473,4
504,236,3
116,173,4
505,294,3
12,200,4
863,598,5
744,834,4
171,181,5
841,365,3
965,841,4
936,168,5
782,423,2
928,471,5
357,494,4
627,127,5
275,186,4
721,485,5
530,105,3
262,72,4
109,945,3
654,722,5
588,984,1
901,510,4
230,517,3
329,595,3
369,185,5
641,859,5
46,122,5
919,137,3
82,777,3
754,505,4
267,844,1
237,737,3
755,503,2
876,902,5
149,293,5
812,902,5
808,894,5
633,716,5
385,24,5
769,949,5
63,698,3
148,418,5
349,695,3
812,254,5
706,687,5
919,649,4
56,213,5
107,596,5
37,657,4
312,438,5
321,467,5
994,124,5
693,881,5
817,446,5
287,42,4
701,457,5
6,612,3
973,542,1
653,107,5
713,0,4
178,654,3
451,35,3
64,864,5
915,819,1
254,854,4
704,236,5
644,839,5
253,294,4
516,795,4
237,580,3
196,447,5
307,616,5
416,364,3
583,12,4
587,570,4
650,460,5
705,6,5
79,121,4
860,781,4
988,429,3
521,92,4
814,165,4
957,792,5
986,291,5
132,459,4
624,956,3
809,544,2
310,479,3
704,693,5
570,969,5
857,453,3
100,965,1
278,865,4
946,835,3
8,482,4
530,544,3
587,116,3
263,646,5
590,501,4
716,37,5
670,103,4
460,730,3
809,479,3
171,663,2
605,200,3
934,750,2
243,437,5
623,173,4
893,590,5
306,284,5
626,608,5
296,578,3
819,675,5
281,24,5
739,43,5
16,315,2
536,161,5
296,417,4
311,405,1
636,230,3
831,987,5
979,779,3
79,149,3
843,722,5
958,647,5
925,531,4
275,541,4
517,110,4
929,448,4
445,64,5
